Workbook

Sheet Executive Summary
A1: CENTRE FOR MEDICAL TECHNOLOGIES (IDRP) | IIT JODHPUR & AIIMS JODHPUR
A2: Official Student & Scholar Master Registry • Cohorts 2020 – 2026 • Verified Institute Data
A4: TOTAL SCHOLARS | C4: M.TECH (MASTERS) | E4: PH.D. SCHOLARS | G4: DUAL DEGREE (M.TECH-PH.D.) | I4: ACTIVE ENROLLED | J4: ALUMNI / GRADUATES
A5: =COUNTA('Master Directory'!$B$5:$B$111) | C5: =COUNTIF('Master Directory'!$D$5:$D$111, "Masters") | E5: =COUNTIF('Master Directory'!$D$5:$D$111, "PhD") | G5: =COUNTIF('Master Directory'!$D$5:$D$111, "Dual Degree") | I5: =COUNTIF('Master Directory'!$H$5:$H$111, "Active") | J5: =COUNTIF('Master Directory'!$H$5:$H$111, "Alumni")
A7: 1. COHORT ENROLLMENT MATRIX BY ADMISSION YEAR & DEGREE PROGRAM
A8: Admission Cohort Year | B8: M.Tech (Masters) | C8: Ph.D. Scholars | D8: Dual Degree (M.Tech-Ph.D.) | E8: Total Cohort Intake | F8: % of Total Intake | G8: Academic Status
A9: 2020 | B9: =COUNTIFS('Master Directory'!$F$5:$F$111, $A9, 'Master Directory'!$D$5:$D$111, "Masters") | C9: =COUNTIFS('Master Directory'!$F$5:$F$111, $A9, 'Master Directory'!$D$5:$D$111, "PhD") | D9: =COUNTIFS('Master Directory'!$F$5:$F$111, $A9, 'Master Directory'!$D$5:$D$111, "Dual Degree") | E9: =SUM(B9:D9) | F9: =E9/$E$16 | G9: Alumni (Graduated)
A10: 2021 | B10: =COUNTIFS('Master Directory'!$F$5:$F$111, $A10, 'Master Directory'!$D$5:$D$111, "Masters") | C10: =COUNTIFS('Master Directory'!$F$5:$F$111, $A10, 'Master Directory'!$D$5:$D$111, "PhD") | D10: =COUNTIFS('Master Directory'!$F$5:$F$111, $A10, 'Master Directory'!$D$5:$D$111, "Dual Degree") | E10: =SUM(B10:D10) | F10: =E10/$E$16 | G10: Alumni (Graduated)
A11: 2022 | B11: =COUNTIFS('Master Directory'!$F$5:$F$111, $A11, 'Master Directory'!$D$5:$D$111, "Masters") | C11: =COUNTIFS('Master Directory'!$F$5:$F$111, $A11, 'Master Directory'!$D$5:$D$111, "PhD") | D11: =COUNTIFS('Master Directory'!$F$5:$F$111, $A11, 'Master Directory'!$D$5:$D$111, "Dual Degree") | E11: =SUM(B11:D11) | F11: =E11/$E$16 | G11: Alumni (Graduated)
A12: 2023 | B12: =COUNTIFS('Master Directory'!$F$5:$F$111, $A12, 'Master Directory'!$D$5:$D$111, "Masters") | C12: =COUNTIFS('Master Directory'!$F$5:$F$111, $A12, 'Master Directory'!$D$5:$D$111, "PhD") | D12: =COUNTIFS('Master Directory'!$F$5:$F$111, $A12, 'Master Directory'!$D$5:$D$111, "Dual Degree") | E12: =SUM(B12:D12) | F12: =E12/$E$16 | G12: Alumni (Graduated)
A13: 2024 | B13: =COUNTIFS('Master Directory'!$F$5:$F$111, $A13, 'Master Directory'!$D$5:$D$111, "Masters") | C13: =COUNTIFS('Master Directory'!$F$5:$F$111, $A13, 'Master Directory'!$D$5:$D$111, "PhD") | D13: =COUNTIFS('Master Directory'!$F$5:$F$111, $A13, 'Master Directory'!$D$5:$D$111, "Dual Degree") | E13: =SUM(B13:D13) | F13: =E13/$E$16 | G13: Graduating / Active
A14: 2025 | B14: =COUNTIFS('Master Directory'!$F$5:$F$111, $A14, 'Master Directory'!$D$5:$D$111, "Masters") | C14: =COUNTIFS('Master Directory'!$F$5:$F$111, $A14, 'Master Directory'!$D$5:$D$111, "PhD") | D14: =COUNTIFS('Master Directory'!$F$5:$F$111, $A14, 'Master Directory'!$D$5:$D$111, "Dual Degree") | E14: =SUM(B14:D14) | F14: =E14/$E$16 | G14: Active Enrolled
A15: 2026 | B15: =COUNTIFS('Master Directory'!$F$5:$F$111, $A15, 'Master Directory'!$D$5:$D$111, "Masters") | C15: =COUNTIFS('Master Directory'!$F$5:$F$111, $A15, 'Master Directory'!$D$5:$D$111, "PhD") | D15: =COUNTIFS('Master Directory'!$F$5:$F$111, $A15, 'Master Directory'!$D$5:$D$111, "Dual Degree") | E15: =SUM(B15:D15) | F15: =E15/$E$16 | G15: Active Enrolled
A16: TOTAL ALL COHORTS | B16: =SUM(B9:B15) | C16: =SUM(C9:C15) | D16: =SUM(D9:D15) | E16: =SUM(E9:E15) | F16: =SUM(F9:F15) | G16: 100% Verified Records
A18: 2. STUDENT INNOVATION, TRANSLATIONAL IP & ENTREPRENEURSHIP IMPACT
A19: Innovation Pillar | B19: Student Scholar Metric | C19: Scholars Count | D19: Key Contributing Scholars & Translational Output Summary
A20: Intellectual Property (Patents) | B20: Scholars with Filed / Granted Patents | C20: =COUNTIF('Master Directory'!$O$5:$O$111, ">0") | D20: 16 Scholars | 28 Indian Patents (Dental irrigation, Robot echocardiography, Bilirubin, Bioinks, Paper-based glucose biosensors, Phototherapy)
A21: Incubated Healthcare Startups | B21: Student-Founded / Co-Founded Ventures | C21: =COUNTIF('Master Directory'!$Q$5:$Q$111, ">0") | D21: 11 Scholars | Healyantra, Caldor Health, Medvocare, Cellverse, NxGen Healtech, Sarbit Innovations, Visionence, ShilpinMed
A22: Peer-Reviewed Publications | B22: Scholars with Published Papers / Responses | C22: =COUNTIF('Master Directory'!$M$5:$M$111, ">0") | D22: 14 Scholars | Journals (Frontiers in Public Health, ACS, IEEE Nanomed), Conferences (MICCAI, IJCAI, FENS Denmark, EMBL)
A23: National & State Awards | B23: Scholars with Prestigious Honors | C23: =COUNTIF('Master Directory'!$S$5:$S$111, ">0") | D23: iStart Rajasthan 1st Prize, AIIMS-IIT Joint Innovation Honors, MedTech Pitch Winners

Sheet Master Directory
A1: CENTRE FOR MEDICAL TECHNOLOGIES (IDRP) | IIT JODHPUR & AIIMS JODHPUR
A2: Consolidated Master Directory of All 107 Medical Technology Scholars (2020 – 2026 Batches)
A4: S.No. | B4: Roll Number | C4: Student Scholar Name | D4: Program Level | E4: Degree Program | F4: Cohort Year | G4: Graduation Year | H4: Academic Status | I4: Specialization & Research Focus | J4: Faculty Supervisor(s) (IIT & AIIMS) | K4: Institutional Email | L4: Contact Phone | M4: Publications (Count) | N4: Publication Venues & Papers | O4: Patents (Count) | P4: Patent Filings & Application Nos. | Q4: Startups (Count) | R4: Startup Ventures & Student Roles | S4: Awards (Count) | T4: Awards, Honors & Hackathon Wins | U4: Date of Birth | V4: Gender | W4: Department / Centre | X4: Campus / Residential Address | Y4: City | Z4: State | AA4: Pincode | AB4: Verification Source URL / Provenance
A5: 1 | B5: M20ID001 | C5: Anup Kamal Kakwani | D5: Masters | E5: M.Tech in Medical Technology | F5: 2020 | G5: 2022 | H5: Alumni | I5: Endodontics & Dental Irrigation Systems | J5: Dr. Pravin Kumar (AIIMS Jodhpur) & Dr. Jaiveer Singh (IIT Jodhpur) | K5: m20id001@iitj.ac.in | L5: - | M5: 0 | N5: - | O5: 1 | P5: App #202211041593: A Cost Effective and User Friendly System to Irrigate Root Canal Under Apical Negative Pressure (Published) | App 202211041593: Root Canal Irrigation System Under Apical Negative Pressure | Q5: 1 | R5: NxGen Healtech Pvt. Ltd. (Founder & Managing Director, Pre-Incubatee) | NxGen Healtech Pvt. Ltd. (Founder) | S5: 0 | T5: - | U5: - | V5: - | W5: Centre for Medical Technologies (IDRP) | X5: IIT Jodhpur Permanent Campus, NH 62, Karwar | Y5: Jodhpur | Z5: Rajasthan | AA5: 342030 | AB5: Official Cohort Registry (IIT Jodhpur MedTech Portal)
A6: 2 | B6: M20ID002 | C6: Anushri Bhardwaj | D6: Masters | E6: M.Tech in Medical Technology | F6: 2020 | G6: 2022 | H6: Alumni | I6: Medical Technology | J6: Faculty Board (IDRP / AIIMS-IIT Joint) | K6: m20id002@iitj.ac.in | L6: - | M6: 0 | N6: - | O6: 0 | P6: - | Q6: 0 | R6: - | S6: 0 | T6: - | U6: - | V6: - | W6: Centre for Medical Technologies (IDRP) | X6: IIT Jodhpur Permanent Campus, NH 62, Karwar | Y6: Jodhpur | Z6: Rajasthan | AA6: 342030 | AB6: Official Cohort Registry (IIT Jodhpur MedTech Portal)
A7: 3 | B7: M20ID004 | C7: Mridul Sharma | D7: Masters | E7: M.Tech in Medical Technology | F7: 2020 | G7: 2022 | H7: Alumni | I7: Medical Technology | J7: Faculty Board (IDRP / AIIMS-IIT Joint) | K7: m20id004@iitj.ac.in | L7: - | M7: 0 | N7: - | O7: 0 | P7: - | Q7: 0 | R7: - | S7: 0 | T7: - | U7: - | V7: - | W7: Centre for Medical Technologies (IDRP) | X7: IIT Jodhpur Permanent Campus, NH 62, Karwar | Y7: Jodhpur | Z7: Rajasthan | AA7: 342030 | AB7: Official Cohort Registry (IIT Jodhpur MedTech Portal)
A8: 4 | B8: M20ID005 | C8: Shradha Suman Panda | D8: Masters | E8: M.Tech in Medical Technology | F8: 2020 | G8: 2022 | H8: Alumni | I8: Medical Technology | J8: Faculty Board (IDRP / AIIMS-IIT Joint) | K8: m20id005@iitj.ac.in | L8: - | M8: 0 | N8: - | O8: 0 | P8: - | Q8: 0 | R8: - | S8: 0 | T8: - | U8: - | V8: - | W8: Centre for Medical Technologies (IDRP) | X8: IIT Jodhpur Permanent Campus, NH 62, Karwar | Y8: Jodhpur | Z8: Rajasthan | AA8: 342030 | AB8: Official Cohort Registry (IIT Jodhpur MedTech Portal)
A9: 5 | B9: M20ID008 | C9: Thilak Chakaravarthi E | D9: Masters | E9: M.Tech in Medical Technology | F9: 2020 | G9: 2022 | H9: Alumni | I9: Electromechanical Cartilage Reshaping & Bio-MEMS | J9: Prof. Ajay Agarwal (IIT Jodhpur) | K9: m20id008@iitj.ac.in | L9: - | M9: 0 | N9: - | O9: 0 | P9: - | Q9: 1 | R9: Caldor Health Technologies Pvt. Ltd. (Co-Founder) | S9: 2 | T9: US$100,000 raised for SWASAM ; MSME grant | U9: - | V9: - | W9: Centre for Medical Technologies (IDRP) | X9: IIT Jodhpur Permanent Campus, NH 62, Karwar | Y9: Jodhpur | Z9: Rajasthan | AA9: 342030 | AB9: Official Cohort Registry (IIT Jodhpur MedTech Portal)
A10: 6 | B10: M20ID009 | C10: Rajshree | D10: Masters | E10: M.Tech in Medical Technology | F10: 2020 | G10: 2022 | H10: Alumni | I10: Medical Technology | J10: Faculty Board (IDRP / AIIMS-IIT Joint) | K10: m20id009@iitj.ac.in | L10: - | M10: 0 | N10: - | O10: 0 | P10: - | Q10: 0 | R10: - | S10: 0 | T10: - | U10: - | V10: - | W10: Centre for Medical Technologies (IDRP) | X10: IIT Jodhpur Permanent Campus, NH 62, Karwar | Y10: Jodhpur | Z10: Rajasthan | AA10: 342030 | AB10: Official Cohort Registry (IIT Jodhpur MedTech Portal)
A11: 7 | B11: P20ID002 | C11: Kanika Singroha | D11: PhD | E11: Ph.D. in Medical Technology | F11: 2020 | G11: 2025 | H11: Alumni | I11: 3D Bioprinting, Modular Bioinks & Regenerative Medicine | J11: Dr. Indranil Banerjee (IIT Jodhpur) & Dr. Shilpi Gupta Dixit (AIIMS Jodhpur) | K11: p20id002@iitj.ac.in | L11: - | M11: 0 | N11: - | O11: 1 | P11: App #202511037139: Quadruple High-Performance Modular Bioink for 3D Bioprinting (Filed) | Apps 202511037139, 202511037986: 3D Bioprinting Quadruple Modular Bioink & Cell Suspensor | Q11: 1 | R11: Cellverse Pvt. Ltd. (Co-Founder, Incubated) | Cellverse Pvt. Ltd. (Director & Co-Founder) | S11: 1 | T11: Recognition of Excellence in Young Alumni Award | U11: - | V11: - | W11: Centre for Medical Technologies (IDRP) | X11: IIT Jodhpur Permanent Campus, NH 62, Karwar | Y11: Jodhpur | Z11: Rajasthan | AA11: 342030 | AB11: Official Cohort Registry (IIT Jodhpur MedTech Portal)
A12: 8 | B12: P20ID003 | C12: Dushyant Agrawal | D12: PhD | E12: Ph.D. in Medical Technology | F12: 2020 | G12: 2025 | H12: Alumni | I12: Medical Technology | J12: Faculty Board (IDRP / AIIMS-IIT Joint) | K12: p20id003@iitj.ac.in | L12: - | M12: 0 | N12: - | O12: 0 | P12: - | Q12: 0 | R12: - | S12: 0 | T12: - | U12: - | V12: - | W12: Centre for Medical Technologies (IDRP) | X12: IIT Jodhpur Permanent Campus, NH 62, Karwar | Y12: Jodhpur | Z12: Rajasthan | AA12: 342030 | AB12: Official Cohort Registry (IIT Jodhpur MedTech Portal)
A13: 9 | B13: P20ID004 | C13: Gajendra Singh | D13: PhD | E13: Ph.D. in Medical Technology | F13: 2020 | G13: 2025 | H13: Alumni | I13: Medical Robotics, AI Echocardiography & Multimodal Data Sync | J13: Dr. Deepak Mishra (IIT Jodhpur) & Dr. Pushpinder Khera (AIIMS Jodhpur) | K13: singh.117@iitj.ac.in | L13: - | M13: 3 | N13: 1 Journals, 2 Conferences, 0 Books. Venues: 1. IEEE Sensor Letters 2. ASMUS MICCAI 2025 3. IEEE SAUS 2024 (First Author) | Paper: "Deep Learning-Driven Multimodal Synchronization for Probe-Navigated Echocardiography" | Paper: "ASMUS: Real-Time Point-of-Care Ultrasound Guidance via Multitask Acoustic Transformer" | Paper: "Acoustic Signal Processing and Robot Teleoperation for Pediatric Cardiac Ultrasound" | O13: 2 | P13: App #202211077085: System and Method for Robot Assisted Echocardiography (Published) | App #202411058458: System for Multimodal Data Acquisition and Synchronization and Method Thereof (Published) | Apps 202211077085, 202411058458, 202511040403: Robot Assisted Echocardiography & Multimodal Data Sync | Q13: 1 | R13: Visionence Tech Pvt. Ltd. (Co-Founder, Incubated) | Visionence Tech Pvt. Ltd. (Director & Co-Founder) | S13: 1 | T13: Patent granted | U13: - | V13: - | W13: Centre for Medical Technologies (IDRP) | X13: IIT Jodhpur Permanent Campus, NH 62, Karwar | Y13: Jodhpur | Z13: Rajasthan | AA13: 342030 | AB13: Official Cohort Registry (IIT Jodhpur MedTech Portal)
A14: 10 | B14: P20ID005 | C14: Mitanshu Sharma | D14: PhD | E14: Ph.D. in Medical Technology | F14: 2020 | G14: 2025 | H14: Alumni | I14: Assistive Critical Care & Pressure Ulcer Prevention | J14: Dr. Shobhana Singh (IIT Jodhpur) & Dr. Nikhil Kothari (AIIMS Jodhpur) | K14: p20id005@iitj.ac.in | L14: - | M14: 0 | N14: - | O14: 1 | P14: App #202211060577: Pressure Ulcers or Bed Sores Preventing Air Bubble Based Mattress (Published) | App 202211060577: Pressure Ulcers / Bed Sores Preventing Air Bubble Mattress | Q14: 0 | R14: - | S14: 0 | T14: - | U14: - | V14: - | W14: Centre for Medical Technologies (IDRP) | X14: IIT Jodhpur Permanent Campus, NH 62, Karwar | Y14: Jodhpur | Z14: Rajasthan | AA14: 342030 | AB14: Official Cohort Registry (IIT Jodhpur MedTech Portal)
A15: 11 | B15: P20ID006 | C15: Monika Sharma | D15: PhD | E15: Ph.D. in Medical Technology | F15: 2020 | G15: 2025 | H15: Alumni | I15: Neuromuscular Assessment & Force-Sensor Biomechanics | J15: Dr. Pankaj Yadav (IIT Jodhpur) | K15: p20id006@iitj.ac.in | L15: - | M15: 0 | N15: - | O15: 1 | P15: App 202511106532: Force-Sensor-Based Tapping Device for Neuromuscular Assessment | Q15: 0 | R15: - | S15: 1 | T15: IBRO Exchange Fellowship 2026 | U15: - | V15: - | W15: Centre for Medical Technologies (IDRP) | X15: IIT Jodhpur Permanent Campus, NH 62, Karwar | Y15: Jodhpur | Z15: Rajasthan | AA15: 342030 | AB15: Official Cohort Registry (IIT Jodhpur MedTech Portal)
A16: 12 | B16: P20ID007 | C16: Om Lata Bhagat | D16: PhD | E16: Ph.D. in Medical Technology | F16: 2020 | G16: 2025 | H16: Alumni | I16: Medical Technology | J16: Faculty Board (IDRP / AIIMS-IIT Joint) | K16: p20id007@iitj.ac.in | L16: - | M16: 0 | N16: - | O16: 0 | P16: - | Q16: 0 | R16: - | S16: 0 | T16: - | U16: - | V16: - | W16: Centre for Medical Technologies (IDRP) | X16: IIT Jodhpur Permanent Campus, NH 62, Karwar | Y16: Jodhpur | Z16: Rajasthan | AA16: 342030 | AB16: Official Cohort Registry (IIT Jodhpur MedTech Portal)
... A111: 107 | B111: P26IM0004 | C111: Saurabh Yadav | D111: PhD | E111: Ph.D. in Medical Technology | F111: 2026 | G111: 2031 | H111: Active | I111: Medical Technology | J111: Faculty Board (IDRP / AIIMS-IIT Joint) | K111: p26im0004@iitj.ac.in | L111: - | M111: 0 | N111: - | O111: 0 | P111: - | Q111: 0 | R111: - | S111: 0 | T111: - | U111: - | V111: - | W111: Centre for Medical Technologies (IDRP) | X111: IIT Jodhpur Permanent Campus, NH 62, Karwar | Y111: Jodhpur | Z111: Rajasthan | AA111: 342030 | AB111: Official Cohort Registry (IIT Jodhpur MedTech Portal)

Sheet M.Tech (Masters)
A1: CENTRE FOR MEDICAL TECHNOLOGIES (IDRP) | IIT JODHPUR & AIIMS JODHPUR
A2: M.Tech in Medical Technology — Complete Register of All 52 Masters Scholars (2020 – 2026 Batches)
A4: S.No. | B4: Roll Number | C4: Student Scholar Name | D4: Program Level | E4: Degree Program | F4: Cohort Year | G4: Graduation Year | H4: Academic Status | I4: Specialization & Research Focus | J4: Faculty Supervisor(s) (IIT & AIIMS) | K4: Institutional Email | L4: Contact Phone | M4: Publications (Count) | N4: Publication Venues & Papers | O4: Patents (Count) | P4: Patent Filings & Application Nos. | Q4: Startups (Count) | R4: Startup Ventures & Student Roles | S4: Awards (Count) | T4: Awards, Honors & Hackathon Wins | U4: Date of Birth | V4: Gender | W4: Department / Centre | X4: Campus / Residential Address | Y4: City | Z4: State | AA4: Pincode | AB4: Verification Source URL / Provenance
A5: 1 | B5: M20ID001 | C5: Anup Kamal Kakwani | D5: Masters | E5: M.Tech in Medical Technology | F5: 2020 | G5: 2022 | H5: Alumni | I5: Endodontics & Dental Irrigation Systems | J5: Dr. Pravin Kumar (AIIMS Jodhpur) & Dr. Jaiveer Singh (IIT Jodhpur) | K5: m20id001@iitj.ac.in | L5: - | M5: 0 | N5: - | O5: 1 | P5: App #202211041593: A Cost Effective and User Friendly System to Irrigate Root Canal Under Apical Negative Pressure (Published) | App 202211041593: Root Canal Irrigation System Under Apical Negative Pressure | Q5: 1 | R5: NxGen Healtech Pvt. Ltd. (Founder & Managing Director, Pre-Incubatee) | NxGen Healtech Pvt. Ltd. (Founder) | S5: 0 | T5: - | U5: - | V5: - | W5: Centre for Medical Technologies (IDRP) | X5: IIT Jodhpur Permanent Campus, NH 62, Karwar | Y5: Jodhpur | Z5: Rajasthan | AA5: 342030 | AB5: Official Cohort Registry (IIT Jodhpur MedTech Portal)
A6: 2 | B6: M20ID002 | C6: Anushri Bhardwaj | D6: Masters | E6: M.Tech in Medical Technology | F6: 2020 | G6: 2022 | H6: Alumni | I6: Medical Technology | J6: Faculty Board (IDRP / AIIMS-IIT Joint) | K6: m20id002@iitj.ac.in | L6: - | M6: 0 | N6: - | O6: 0 | P6: - | Q6: 0 | R6: - | S6: 0 | T6: - | U6: - | V6: - | W6: Centre for Medical Technologies (IDRP) | X6: IIT Jodhpur Permanent Campus, NH 62, Karwar | Y6: Jodhpur | Z6: Rajasthan | AA6: 342030 | AB6: Official Cohort Registry (IIT Jodhpur MedTech Portal)
A7: 3 | B7: M20ID004 | C7: Mridul Sharma | D7: Masters | E7: M.Tech in Medical Technology | F7: 2020 | G7: 2022 | H7: Alumni | I7: Medical Technology | J7: Faculty Board (IDRP / AIIMS-IIT Joint) | K7: m20id004@iitj.ac.in | L7: - | M7: 0 | N7: - | O7: 0 | P7: - | Q7: 0 | R7: - | S7: 0 | T7: - | U7: - | V7: - | W7: Centre for Medical Technologies (IDRP) | X7: IIT Jodhpur Permanent Campus, NH 62, Karwar | Y7: Jodhpur | Z7: Rajasthan | AA7: 342030 | AB7: Official Cohort Registry (IIT Jodhpur MedTech Portal)
A8: 4 | B8: M20ID005 | C8: Shradha Suman Panda | D8: Masters | E8: M.Tech in Medical Technology | F8: 2020 | G8: 2022 | H8: Alumni | I8: Medical Technology | J8: Faculty Board (IDRP / AIIMS-IIT Joint) | K8: m20id005@iitj.ac.in | L8: - | M8: 0 | N8: - | O8: 0 | P8: - | Q8: 0 | R8: - | S8: 0 | T8: - | U8: - | V8: - | W8: Centre for Medical Technologies (IDRP) | X8: IIT Jodhpur Permanent Campus, NH 62, Karwar | Y8: Jodhpur | Z8: Rajasthan | AA8: 342030 | AB8: Official Cohort Registry (IIT Jodhpur MedTech Portal)
A9: 5 | B9: M20ID008 | C9: Thilak Chakaravarthi E | D9: Masters | E9: M.Tech in Medical Technology | F9: 2020 | G9: 2022 | H9: Alumni | I9: Electromechanical Cartilage Reshaping & Bio-MEMS | J9: Prof. Ajay Agarwal (IIT Jodhpur) | K9: m20id008@iitj.ac.in | L9: - | M9: 0 | N9: - | O9: 0 | P9: - | Q9: 1 | R9: Caldor Health Technologies Pvt. Ltd. (Co-Founder) | S9: 2 | T9: US$100,000 raised for SWASAM ; MSME grant | U9: - | V9: - | W9: Centre for Medical Technologies (IDRP) | X9: IIT Jodhpur Permanent Campus, NH 62, Karwar | Y9: Jodhpur | Z9: Rajasthan | AA9: 342030 | AB9: Official Cohort Registry (IIT Jodhpur MedTech Portal)
A10: 6 | B10: M20ID009 | C10: Rajshree | D10: Masters | E10: M.Tech in Medical Technology | F10: 2020 | G10: 2022 | H10: Alumni | I10: Medical Technology | J10: Faculty Board (IDRP / AIIMS-IIT Joint) | K10: m20id009@iitj.ac.in | L10: - | M10: 0 | N10: - | O10: 0 | P10: - | Q10: 0 | R10: - | S10: 0 | T10: - | U10: - | V10: - | W10: Centre for Medical Technologies (IDRP) | X10: IIT Jodhpur Permanent Campus, NH 62, Karwar | Y10: Jodhpur | Z10: Rajasthan | AA10: 342030 | AB10: Official Cohort Registry (IIT Jodhpur MedTech Portal)
A11: 7 | B11: M21ID001 | C11: Ajisha Ck | D11: Masters | E11: M.Tech in Medical Technology | F11: 2021 | G11: 2023 | H11: Alumni | I11: Medical Technology | J11: Faculty Board (IDRP / AIIMS-IIT Joint) | K11: m21id001@iitj.ac.in | L11: - | M11: 0 | N11: - | O11: 0 | P11: - | Q11: 0 | R11: - | S11: 0 | T11: - | U11: - | V11: - | W11: Centre for Medical Technologies (IDRP) | X11: IIT Jodhpur Permanent Campus, NH 62, Karwar | Y11: Jodhpur | Z11: Rajasthan | AA11: 342030 | AB11: Official Cohort Registry (IIT Jodhpur MedTech Portal)
A12: 8 | B12: M21ID002 | C12: Ajmal Jaleel | D12: Masters | E12: M.Tech in Medical Technology | F12: 2021 | G12: 2023 | H12: Alumni | I12: Surgical Ergonomics & Mattress Hygiene Management Systems | J12: Dr. Jayant Kumar Mohanta (IIT Jodhpur) | K12: m21id002@iitj.ac.in | L12: - | M12: 0 | N12: - | O12: 0 | P12: - | Q12: 1 | R12: ShilpinMed Technologies Pvt. Ltd. (Founder) | S12: 0 | T12: - | U12: - | V12: - | W12: Centre for Medical Technologies (IDRP) | X12: IIT Jodhpur Permanent Campus, NH 62, Karwar | Y12: Jodhpur | Z12: Rajasthan | AA12: 342030 | AB12: Official Cohort Registry (IIT Jodhpur MedTech Portal)
A13: 9 | B13: M21ID003 | C13: Divesh Kumar Awasthi | D13: Masters | E13: M.Tech in Medical Technology | F13: 2021 | G13: 2023 | H13: Alumni | I13: Ultrasound-Guided Interventional Syringe Systems | J13: Dr. Hardik Kothadia (IIT Jodhpur) | K13: m21id003@iitj.ac.in | L13: - | M13: 0 | N13: - | O13: 0 | P13: - | Q13: 1 | R13: Healyantra Medical Technologies Pvt. Ltd. (Co-Founder) | S13: 2 | T13: First patent ; TechEx Technology Transfer Hub funding | U13: - | V13: - | W13: Centre for Medical Technologies (IDRP) | X13: IIT Jodhpur Permanent Campus, NH 62, Karwar | Y13: Jodhpur | Z13: Rajasthan | AA13: 342030 | AB13: Official Cohort Registry (IIT Jodhpur MedTech Portal)
A14: 10 | B14: M21ID004 | C14: Gaurav Sawriya | D14: Masters | E14: M.Tech in Medical Technology | F14: 2021 | G14: 2023 | H14: Alumni | I14: Medical Technology | J14: Faculty Board (IDRP / AIIMS-IIT Joint) | K14: m21id004@iitj.ac.in | L14: - | M14: 0 | N14: - | O14: 0 | P14: - | Q14: 0 | R14: - | S14: 0 | T14: - | U14: - | V14: - | W14: Centre for Medical Technologies (IDRP) | X14: IIT Jodhpur Permanent Campus, NH 62, Karwar | Y14: Jodhpur | Z14: Rajasthan | AA14: 342030 | AB14: Official Cohort Registry (IIT Jodhpur MedTech Portal)
A15: 11 | B15: M21ID005 | C15: Harisharan R | D15: Masters | E15: M.Tech in Medical Technology | F15: 2021 | G15: 2023 | H15: Alumni | I15: ENT Devices & Cartilage Reshaping Instrumentation | J15: Prof. Ajay Agarwal (IIT Jodhpur) & Dr. Amit Goyal (AIIMS Jodhpur) | K15: m21id005@iitj.ac.in | L15: - | M15: 0 | N15: - | O15: 1 | P15: App 202411033887: Device for Reshaping Cartilage | Q15: 1 | R15: Caldor Health Technologies Pvt. Ltd. (Co-Founder) | S15: 1 | T15: US$100,000 raised for SWASAM | U15: - | V15: - | W15: Centre for Medical Technologies (IDRP) | X15: IIT Jodhpur Permanent Campus, NH 62, Karwar | Y15: Jodhpur | Z15: Rajasthan | AA15: 342030 | AB15: Official Cohort Registry (IIT Jodhpur MedTech Portal)
A16: 12 | B16: M21ID007 | C16: Varun Raman Khandelwal | D16: Masters | E16: M.Tech in Medical Technology | F16: 2021 | G16: 2023 | H16: Alumni | I16: Ultrasound-Guided Surgical Procedures & Clinical Devices | J16: Dr. Hardik Kothadia (IIT Jodhpur) | K16: m21id007@iitj.ac.in | L16: - | M16: 0 | N16: - | O16: 0 | P16: - | Q16: 1 | R16: Healyantra Medical Technologies Pvt. Ltd. (Director & Co-Founder) | S16: 3 | T16: First patent ; TechEx Technology Transfer Hub funding ; Winner of MEDHA 2022 | U16: - | V16: - | W16: Centre for Medical Technologies (IDRP) | X16: IIT Jodhpur Permanent Campus, NH 62, Karwar | Y16: Jodhpur | Z16: Rajasthan | AA16: 342030 | AB16: Official Cohort Registry (IIT Jodhpur MedTech Portal)
... A56: 52 | B56: M26IM1009 | C56: Megha Bharadwaj | D56: Masters | E56: M.Tech in Medical Technology | F56: 2026 | G56: 2028 | H56: Active | I56: Medical Technology | J56: Faculty Board (IDRP / AIIMS-IIT Joint) | K56: m26im1009@iitj.ac.in | L56: - | M56: 0 | N56: - | O56: 0 | P56: - | Q56: 0 | R56: - | S56: 0 | T56: - | U56: - | V56: - | W56: Centre for Medical Technologies (IDRP) | X56: IIT Jodhpur Permanent Campus, NH 62, Karwar | Y56: Jodhpur | Z56: Rajasthan | AA56: 342030 | AB56: Official Cohort Registry (IIT Jodhpur MedTech Portal)

Sheet Ph.D. Scholars
A1: CENTRE FOR MEDICAL TECHNOLOGIES (IDRP) | IIT JODHPUR & AIIMS JODHPUR
A2: Doctoral Research Scholars (Ph.D.) — Complete Register of All 35 Ph.D. Scholars (2020 – 2026 Batches)
A4: S.No. | B4: Roll Number | C4: Student Scholar Name | D4: Program Level | E4: Degree Program | F4: Cohort Year | G4: Graduation Year | H4: Academic Status | I4: Specialization & Research Focus | J4: Faculty Supervisor(s) (IIT & AIIMS) | K4: Institutional Email | L4: Contact Phone | M4: Publications (Count) | N4: Publication Venues & Papers | O4: Patents (Count) | P4: Patent Filings & Application Nos. | Q4: Startups (Count) | R4: Startup Ventures & Student Roles | S4: Awards (Count) | T4: Awards, Honors & Hackathon Wins | U4: Date of Birth | V4: Gender | W4: Department / Centre | X4: Campus / Residential Address | Y4: City | Z4: State | AA4: Pincode | AB4: Verification Source URL / Provenance
A5: 1 | B5: P20ID002 | C5: Kanika Singroha | D5: PhD | E5: Ph.D. in Medical Technology | F5: 2020 | G5: 2025 | H5: Alumni | I5: 3D Bioprinting, Modular Bioinks & Regenerative Medicine | J5: Dr. Indranil Banerjee (IIT Jodhpur) & Dr. Shilpi Gupta Dixit (AIIMS Jodhpur) | K5: p20id002@iitj.ac.in | L5: - | M5: 0 | N5: - | O5: 1 | P5: App #202511037139: Quadruple High-Performance Modular Bioink for 3D Bioprinting (Filed) | Apps 202511037139, 202511037986: 3D Bioprinting Quadruple Modular Bioink & Cell Suspensor | Q5: 1 | R5: Cellverse Pvt. Ltd. (Co-Founder, Incubated) | Cellverse Pvt. Ltd. (Director & Co-Founder) | S5: 1 | T5: Recognition of Excellence in Young Alumni Award | U5: - | V5: - | W5: Centre for Medical Technologies (IDRP) | X5: IIT Jodhpur Permanent Campus, NH 62, Karwar | Y5: Jodhpur | Z5: Rajasthan | AA5: 342030 | AB5: Official Cohort Registry (IIT Jodhpur MedTech Portal)
A6: 2 | B6: P20ID003 | C6: Dushyant Agrawal | D6: PhD | E6: Ph.D. in Medical Technology | F6: 2020 | G6: 2025 | H6: Alumni | I6: Medical Technology | J6: Faculty Board (IDRP / AIIMS-IIT Joint) | K6: p20id003@iitj.ac.in | L6: - | M6: 0 | N6: - | O6: 0 | P6: - | Q6: 0 | R6: - | S6: 0 | T6: - | U6: - | V6: - | W6: Centre for Medical Technologies (IDRP) | X6: IIT Jodhpur Permanent Campus, NH 62, Karwar | Y6: Jodhpur | Z6: Rajasthan | AA6: 342030 | AB6: Official Cohort Registry (IIT Jodhpur MedTech Portal)
A7: 3 | B7: P20ID004 | C7: Gajendra Singh | D7: PhD | E7: Ph.D. in Medical Technology | F7: 2020 | G7: 2025 | H7: Alumni | I7: Medical Robotics, AI Echocardiography & Multimodal Data Sync | J7: Dr. Deepak Mishra (IIT Jodhpur) & Dr. Pushpinder Khera (AIIMS Jodhpur) | K7: singh.117@iitj.ac.in | L7: - | M7: 3 | N7: 1 Journals, 2 Conferences, 0 Books. Venues: 1. IEEE Sensor Letters 2. ASMUS MICCAI 2025 3. IEEE SAUS 2024 (First Author) | Paper: "Deep Learning-Driven Multimodal Synchronization for Probe-Navigated Echocardiography" | Paper: "ASMUS: Real-Time Point-of-Care Ultrasound Guidance via Multitask Acoustic Transformer" | Paper: "Acoustic Signal Processing and Robot Teleoperation for Pediatric Cardiac Ultrasound" | O7: 2 | P7: App #202211077085: System and Method for Robot Assisted Echocardiography (Published) | App #202411058458: System for Multimodal Data Acquisition and Synchronization and Method Thereof (Published) | Apps 202211077085, 202411058458, 202511040403: Robot Assisted Echocardiography & Multimodal Data Sync | Q7: 1 | R7: Visionence Tech Pvt. Ltd. (Co-Founder, Incubated) | Visionence Tech Pvt. Ltd. (Director & Co-Founder) | S7: 1 | T7: Patent granted | U7: - | V7: - | W7: Centre for Medical Technologies (IDRP) | X7: IIT Jodhpur Permanent Campus, NH 62, Karwar | Y7: Jodhpur | Z7: Rajasthan | AA7: 342030 | AB7: Official Cohort Registry (IIT Jodhpur MedTech Portal)
A8: 4 | B8: P20ID005 | C8: Mitanshu Sharma | D8: PhD | E8: Ph.D. in Medical Technology | F8: 2020 | G8: 2025 | H8: Alumni | I8: Assistive Critical Care & Pressure Ulcer Prevention | J8: Dr. Shobhana Singh (IIT Jodhpur) & Dr. Nikhil Kothari (AIIMS Jodhpur) | K8: p20id005@iitj.ac.in | L8: - | M8: 0 | N8: - | O8: 1 | P8: App #202211060577: Pressure Ulcers or Bed Sores Preventing Air Bubble Based Mattress (Published) | App 202211060577: Pressure Ulcers / Bed Sores Preventing Air Bubble Mattress | Q8: 0 | R8: - | S8: 0 | T8: - | U8: - | V8: - | W8: Centre for Medical Technologies (IDRP) | X8: IIT Jodhpur Permanent Campus, NH 62, Karwar | Y8: Jodhpur | Z8: Rajasthan | AA8: 342030 | AB8: Official Cohort Registry (IIT Jodhpur MedTech Portal)
A9: 5 | B9: P20ID006 | C9: Monika Sharma | D9: PhD | E9: Ph.D. in Medical Technology | F9: 2020 | G9: 2025 | H9: Alumni | I9: Neuromuscular Assessment & Force-Sensor Biomechanics | J9: Dr. Pankaj Yadav (IIT Jodhpur) | K9: p20id006@iitj.ac.in | L9: - | M9: 0 | N9: - | O9: 1 | P9: App 202511106532: Force-Sensor-Based Tapping Device for Neuromuscular Assessment | Q9: 0 | R9: - | S9: 1 | T9: IBRO Exchange Fellowship 2026 | U9: - | V9: - | W9: Centre for Medical Technologies (IDRP) | X9: IIT Jodhpur Permanent Campus, NH 62, Karwar | Y9: Jodhpur | Z9: Rajasthan | AA9: 342030 | AB9: Official Cohort Registry (IIT Jodhpur MedTech Portal)
A10: 6 | B10: P20ID007 | C10: Om Lata Bhagat | D10: PhD | E10: Ph.D. in Medical Technology | F10: 2020 | G10: 2025 | H10: Alumni | I10: Medical Technology | J10: Faculty Board (IDRP / AIIMS-IIT Joint) | K10: p20id007@iitj.ac.in | L10: - | M10: 0 | N10: - | O10: 0 | P10: - | Q10: 0 | R10: - | S10: 0 | T10: - | U10: - | V10: - | W10: Centre for Medical Technologies (IDRP) | X10: IIT Jodhpur Permanent Campus, NH 62, Karwar | Y10: Jodhpur | Z10: Rajasthan | AA10: 342030 | AB10: Official Cohort Registry (IIT Jodhpur MedTech Portal)
A11: 7 | B11: P20ID009 | C11: Sakshi Malik | D11: PhD | E11: Ph.D. in Medical Technology | F11: 2020 | G11: 2025 | H11: Alumni | I11: Medical Technology | J11: Faculty Board (IDRP / AIIMS-IIT Joint) | K11: p20id009@iitj.ac.in | L11: - | M11: 0 | N11: - | O11: 0 | P11: - | Q11: 0 | R11: - | S11: 0 | T11: - | U11: - | V11: - | W11: Centre for Medical Technologies (IDRP) | X11: IIT Jodhpur Permanent Campus, NH 62, Karwar | Y11: Jodhpur | Z11: Rajasthan | AA11: 342030 | AB11: Official Cohort Registry (IIT Jodhpur MedTech Portal)
A12: 8 | B12: P20ID010 | C12: Sudesh Pachar | D12: PhD | E12: Ph.D. in Medical Technology | F12: 2020 | G12: 2025 | H12: Alumni | I12: Medical Technology | J12: Faculty Board (IDRP / AIIMS-IIT Joint) | K12: p20id010@iitj.ac.in | L12: - | M12: 0 | N12: - | O12: 0 | P12: - | Q12: 0 | R12: - | S12: 0 | T12: - | U12: - | V12: - | W12: Centre for Medical Technologies (IDRP) | X12: IIT Jodhpur Permanent Campus, NH 62, Karwar | Y12: Jodhpur | Z12: Rajasthan | AA12: 342030 | AB12: Official Cohort Registry (IIT Jodhpur MedTech Portal)
A13: 9 | B13: P20SH002 | C13: Netra Kirankumar Hiremath | D13: PhD | E13: Ph.D. in Medical Technology | F13: 2020 | G13: 2025 | H13: Active | I13: Nanomedicine & Biomaterials Science | J13: Faculty Board (IDRP / School of Health) | K13: hiremath.1@iitj.ac.in | L13: +91 97840 55667 | M13: 6 | N13: 6 Journals, 0 Conferences, 0 Books. Venues: 1. ACS Applied Nano Materials (2 publications) 2. Biomaterials Science (2 publications) 3. Nanoscale 4. ChemMedChem (Co-Author) | O13: 0 | P13: - | Q13: 0 | R13: - | S13: 0 | T13: - | U13: 1996-03-14 | V13: Female | W13: Centre for Medical Technologies (IDRP) | X13: IIT Jodhpur Campus | Y13: Jodhpur | Z13: Rajasthan | AA13: 342030 | AB13: Centre for Medical Technologies Seed Registry
A14: 10 | B14: P20SH003 | C14: Nikhil Vadera | D14: PhD | E14: Ph.D. in Medical Technology | F14: 2020 | G14: 2025 | H14: Active | I14: Electrochemical Biosensors & Chemical Sensing | J14: Faculty Board (IDRP / School of Health) | K14: vadera.1@iitj.ac.in | L14: +91 98290 11223 | M14: 5 | N14: 3 Journals, 2 Conferences, 0 Books. Venues: 1. Microchemical Journal 2. ACS Sensors Journal 3. IEEE Sensors Letters Journal 4. IEEE APSCON Conference 5. IEEE Sensors Conference (First Author) | O14: 0 | P14: - | Q14: 0 | R14: - | S14: 0 | T14: - | U14: 1996-08-20 | V14: Male | W14: Centre for Medical Technologies (IDRP) | X14: IIT Jodhpur Campus | Y14: Jodhpur | Z14: Rajasthan | AA14: 342030 | AB14: Centre for Medical Technologies Seed Registry
A15: 11 | B15: P20SH004 | C15: Ritesh Mishra | D15: PhD | E15: Ph.D. in Medical Technology | F15: 2020 | G15: 2025 | H15: Active | I15: Plasma Medicine & Agro-Food Quality Diagnostics | J15: Faculty Board (IDRP / School of Health) | K15: mishra.15@iitj.ac.in | L15: +91 94140 33445 | M15: 8 | N15: 6 Journals, 1 Conferences, 1 Books. Venues: 1. Food Control 2. RSC Sustainable Food Technology 3. Irrigation Science 4. Postharvest Biology and Technology 5. Reviews of Modern Plasma Physics 6. Radiation Effects and Defects in Solids (First Author) | O15: 0 | P15: - | Q15: 0 | R15: - | S15: 0 | T15: - | U15: 1995-11-12 | V15: Male | W15: Centre for Medical Technologies (IDRP) | X15: IIT Jodhpur Campus | Y15: Jodhpur | Z15: Rajasthan | AA15: 342030 | AB15: Centre for Medical Technologies Seed Registry
A16: 12 | B16: IDRPSHC006 | C16: Ramkamal samat | D16: PhD | E16: Ph.D. in Medical Technology | F16: 2021 | G16: 2026 | H16: Alumni | I16: Medicinal Chemistry & Infectious Disease Therapeutics | J16: Faculty Board (IDRP / School of Health) | K16: samat.1@iitj.ac.in | L16: - | M16: 4 | N16: 4 Journals, 0 Conferences, 0 Books. Venues: Acs infectious disease, Journal of Medicinal chemistry (First Author) | O16: 0 | P16: - | Q16: 0 | R16: - | S16: 0 | T16: - | U16: - | V16: - | W16: Centre for Medical Technologies (IDRP / School of Health) | X16: IIT Jodhpur Permanent Campus, NH 62, Karwar | Y16: Jodhpur | Z16: Rajasthan | AA16: 342030 | AB16: Centre Verified Research Publication Submission
... A39: 35 | B39: P26IM0004 | C39: Saurabh Yadav | D39: PhD | E39: Ph.D. in Medical Technology | F39: 2026 | G39: 2031 | H39: Active | I39: Medical Technology | J39: Faculty Board (IDRP / AIIMS-IIT Joint) | K39: p26im0004@iitj.ac.in | L39: - | M39: 0 | N39: - | O39: 0 | P39: - | Q39: 0 | R39: - | S39: 0 | T39: - | U39: - | V39: - | W39: Centre for Medical Technologies (IDRP) | X39: IIT Jodhpur Permanent Campus, NH 62, Karwar | Y39: Jodhpur | Z39: Rajasthan | AA39: 342030 | AB39: Official Cohort Registry (IIT Jodhpur MedTech Portal)

Sheet Dual Degree (M.Tech-Ph.D.)
A1: CENTRE FOR MEDICAL TECHNOLOGIES (IDRP) | IIT JODHPUR & AIIMS JODHPUR
A2: M.Tech-Ph.D. Dual Degree in Medical Technology — Complete Register of All 20 Scholars (2020 – 2025 Batches)
A4: S.No. | B4: Roll Number | C4: Student Scholar Name | D4: Program Level | E4: Degree Program | F4: Cohort Year | G4: Graduation Year | H4: Academic Status | I4: Specialization & Research Focus | J4: Faculty Supervisor(s) (IIT & AIIMS) | K4: Institutional Email | L4: Contact Phone | M4: Publications (Count) | N4: Publication Venues & Papers | O4: Patents (Count) | P4: Patent Filings & Application Nos. | Q4: Startups (Count) | R4: Startup Ventures & Student Roles | S4: Awards (Count) | T4: Awards, Honors & Hackathon Wins | U4: Date of Birth | V4: Gender | W4: Department / Centre | X4: Campus / Residential Address | Y4: City | Z4: State | AA4: Pincode | AB4: Verification Source URL / Provenance
A5: 1 | B5: D20ID001 | C5: Ramkishore Jangid | D5: Dual Degree | E5: M.Tech-Ph.D. Dual Degree in Medical Technology | F5: 2020 | G5: 2025 | H5: Alumni | I5: Endotracheal Instrumentation & Critical Care Devices | J5: Dr. Shobhana Singh (IIT Jodhpur) | K5: d20id001@iitj.ac.in | L5: - | M5: 0 | N5: - | O5: 0 | P5: - | Q5: 1 | R5: Medvocare Pvt. Ltd. (Director & Co-Founder) | S5: 0 | T5: - | U5: - | V5: - | W5: Centre for Medical Technologies (IDRP) | X5: IIT Jodhpur Permanent Campus, NH 62, Karwar | Y5: Jodhpur | Z5: Rajasthan | AA5: 342030 | AB5: Official Cohort Registry (IIT Jodhpur MedTech Portal)
A6: 2 | B6: D20ID003 | C6: Justy N Francis | D6: Dual Degree | E6: M.Tech-Ph.D. Dual Degree in Medical Technology | F6: 2020 | G6: 2025 | H6: Alumni | I6: Osteogenic-Angiogenic Biomaterials & Craniofacial Implants | J6: Dr. Jaiveer Singh (IIT Jodhpur) & Dr. Ankita Chugh (AIIMS Jodhpur) | K6: francis.1@iitj.ac.in | L6: - | M6: 3 | N6: 3 Journals, 0 Conferences, 0 Books. Venues: Polymer Composites, Materials Chemistry and Physics (First Author) | Paper: "Bioactive Polymeric Composites for Craniofacial Fracture Fixation and Guided Tissue Regeneration" | O6: 1 | P6: App #202511040294: An Osteogenic-Angiogenic Composition and Implementations Thereof (Filed) | App 202511040294: Osteogenic-Angiogenic Implant Composition | Q6: 0 | R6: - | S6: 0 | T6: - | U6: - | V6: - | W6: Centre for Medical Technologies (IDRP) | X6: IIT Jodhpur Permanent Campus, NH 62, Karwar | Y6: Jodhpur | Z6: Rajasthan | AA6: 342030 | AB6: Official Cohort Registry (IIT Jodhpur MedTech Portal)
A7: 3 | B7: D20ID004 | C7: Misaal Khan | D7: Dual Degree | E7: M.Tech-Ph.D. Dual Degree in Medical Technology | F7: 2020 | G7: 2025 | H7: Alumni | I7: AI in Healthcare, Pediatric Malnutrition & Graph Neural Networks | J7: Prof. Richa Singh (IIT Jodhpur), Prof. Mayank Vatsa (IIT Jodhpur) & Dr. Kuldeep Singh (AIIMS Jodhpur) | K7: khan.9@iitj.ac.in | L7: +91 94140 82910 | M7: 6 | N7: 1 Journals, 4 Conferences, 1 Books. Venues: 1 . Frontiers in Public Health 2. IJCAI 2023 3. MICCAI 2024 4. AAAI 2026 5. WACV 2026 No book chapter (First Author) | Paper: "AI-Assisted Malnutrition and Pediatric Growth Deficit Assessment in Rural Cohorts: A Field-Validated Study" | Paper: "Deep Multi-View Graph Learning for Pediatric Anthropometry and Health Indices Prediction" | Paper: "Cross-Modality Contrastive Representation for 3D Pediatric Anthropometry from Single RGB-D Feeds" | Paper: "Generative Clinical Graph Networks for Undernutrition Surveillance in Low-Resource Primary Care" | Paper: "Self-Supervised Anatomical Landmark Estimation for Point-of-Care Child Stunting Diagnosis" | O7: 1 | P7: App #202511127461: System and Method for Assisting Malnutrition Assessment Using Graph Neural Networks (Published) | Apps 202411076128, 202511127461: AI Pediatric Nutritional Assessment System | Q7: 1 | R7: NutriAI HealthTech Solutions (Student Co-Founder & CTO, Pre-Incubatee) | NutriAI HealthTech Solutions (Student Co-Founder & CTO) | S7: 1 | T7: Prime Minister's Research Fellowship (PMRF) 2022 | U7: 1997-06-15 | V7: Male | W7: Centre for Medical Technologies (IDRP) | X7: Room 312, B3 Hostel, IIT Jodhpur Permanent Campus, NH 62 | Y7: Jodhpur | Z7: Rajasthan | AA7: 342030 | AB7: Official Cohort Registry (IIT Jodhpur MedTech Portal)
A8: 4 | B8: D20ID005 | C8: Neha Nagarkoti | D8: Dual Degree | E8: M.Tech-Ph.D. Dual Degree in Medical Technology | F8: 2020 | G8: 2025 | H8: Alumni | I8: Neonatal Transport Incubators & Thermal Regulation Systems | J8: Dr. Kaushal A. Desai (IIT Jodhpur) & Dr. Neeraj Gupta (AIIMS Jodhpur) | K8: d20id005@iitj.ac.in | L8: - | M8: 0 | N8: - | O8: 1 | P8: App 202511107337: Neonatal Thermal Regulation System & Transport Incubator | Q8: 0 | R8: - | S8: 2 | T8: ANRF Maha MedTech Mission grant ; BIRAC BIG grant | U8: - | V8: - | W8: Centre for Medical Technologies (IDRP) | X8: IIT Jodhpur Permanent Campus, NH 62, Karwar | Y8: Jodhpur | Z8: Rajasthan | AA8: 342030 | AB8: Official Cohort Registry (IIT Jodhpur MedTech Portal)
A9: 5 | B9: D20ID006 | C9: Saloni Singhal | D9: Dual Degree | E9: M.Tech-Ph.D. Dual Degree in Medical Technology | F9: 2020 | G9: 2025 | H9: Alumni | I9: Paper-Based Analytical Devices (PADs) & Glucose Biosensors | J9: Dr. Ankur Gupta (IIT Jodhpur) & Dr. Saptarshi Mandal (AIIMS Jodhpur) | K9: d20id006@iitj.ac.in | L9: - | M9: 0 | N9: - | O9: 1 | P9: App #202511116826: A Paper-Based Analytical Device (PAD) for Blood Typing and Method Thereof (Filed) | Apps 202511041154 (Granted), 202511046430 (Granted), 202511064909 (Granted), 202511072465, 202511116826: Paper-Based Biosensors & Hematocrit Diagnostic Devices | Q9: 0 | R9: - | S9: 1 | T9: Indian patent granted | U9: - | V9: - | W9: Centre for Medical Technologies (IDRP) | X9: IIT Jodhpur Permanent Campus, NH 62, Karwar | Y9: Jodhpur | Z9: Rajasthan | AA9: 342030 | AB9: Official Cohort Registry (IIT Jodhpur MedTech Portal)
A10: 6 | B10: D20ID007 | C10: Sambit Kumar Keshi | D10: Dual Degree | E10: M.Tech-Ph.D. Dual Degree in Medical Technology | F10: 2020 | G10: 2025 | H10: Alumni | I10: Acoustic Sensors & Kavak Sensorium Diagnostics | J10: Prof. Ajay Agarwal (IIT Jodhpur) | K10: d20id007@iitj.ac.in | L10: - | M10: 0 | N10: - | O10: 0 | P10: - | Q10: 1 | R10: Sarbit Innovations Pvt. Ltd. (Director & Co-Founder) | S10: 2 | T10: Arohan 5.0 seed support scheme ; MSME Idea Hackathon 4.0 grants | U10: - | V10: - | W10: Centre for Medical Technologies (IDRP) | X10: IIT Jodhpur Permanent Campus, NH 62, Karwar | Y10: Jodhpur | Z10: Rajasthan | AA10: 342030 | AB10: Official Cohort Registry (IIT Jodhpur MedTech Portal)
A11: 7 | B11: D20ID008 | C11: Sarmistha Mazumder | D11: Dual Degree | E11: M.Tech-Ph.D. Dual Degree in Medical Technology | F11: 2020 | G11: 2025 | H11: Alumni | I11: NIR Light-Activatable Biomimetic Phototherapy Systems | J11: Dr. Raviraj Vankayala (IIT Jodhpur) | K11: mazumder.3@iitj.ac.in | L11: - | M11: 7 | N11: 5 Journals, 0 Conferences, 2 Books. Venues: Frontiers in Chemistry, RSC advances, ACS ES&T Water, Chemistry- An Asian Journal, ACS Applied Nanomaterials Elsevier (Book chapters) (First Author) | Paper: "Near-Infrared Light-Triggered Nanoplatform for Targeted Tumor Photothermal Ablation" | O11: 1 | P11: App #202511113643: Near Infrared Light Activatable Biomimetic Drug Delivery System for Targeted Phototherapy (Filed) | App 202511113643: Near Infrared Light Activatable Biomimetic Phototherapy System | Q11: 0 | R11: - | S11: 0 | T11: - | U11: - | V11: - | W11: Centre for Medical Technologies (IDRP) | X11: IIT Jodhpur Permanent Campus, NH 62, Karwar | Y11: Jodhpur | Z11: Rajasthan | AA11: 342030 | AB11: Official Cohort Registry (IIT Jodhpur MedTech Portal)
A12: 8 | B12: D20ID009 | C12: Yashraj Singh | D12: Dual Degree | E12: M.Tech-Ph.D. Dual Degree in Medical Technology | F12: 2020 | G12: 2025 | H12: Alumni | I12: Medical Technology | J12: Faculty Board (IDRP / AIIMS-IIT Joint) | K12: d20id009@iitj.ac.in | L12: - | M12: 0 | N12: - | O12: 0 | P12: - | Q12: 0 | R12: - | S12: 0 | T12: - | U12: - | V12: - | W12: Centre for Medical Technologies (IDRP) | X12: IIT Jodhpur Permanent Campus, NH 62, Karwar | Y12: Jodhpur | Z12: Rajasthan | AA12: 342030 | AB12: Official Cohort Registry (IIT Jodhpur MedTech Portal)
A13: 9 | B13: D21ID003 | C13: Manik Sejwal | D13: Dual Degree | E13: M.Tech-Ph.D. Dual Degree in Medical Technology | F13: 2021 | G13: 2026 | H13: Alumni | I13: Medical Technology | J13: Faculty Board (IDRP / AIIMS-IIT Joint) | K13: d21id003@iitj.ac.in | L13: - | M13: 0 | N13: - | O13: 0 | P13: - | Q13: 0 | R13: - | S13: 0 | T13: - | U13: - | V13: - | W13: Centre for Medical Technologies (IDRP) | X13: IIT Jodhpur Permanent Campus, NH 62, Karwar | Y13: Jodhpur | Z13: Rajasthan | AA13: 342030 | AB13: Official Cohort Registry (IIT Jodhpur MedTech Portal)
A14: 10 | B14: D21ID004 | C14: Ravi Singhal | D14: Dual Degree | E14: M.Tech-Ph.D. Dual Degree in Medical Technology | F14: 2021 | G14: 2026 | H14: Alumni | I14: Medical Technology | J14: Faculty Board (IDRP / AIIMS-IIT Joint) | K14: d21id004@iitj.ac.in | L14: - | M14: 0 | N14: - | O14: 0 | P14: - | Q14: 0 | R14: - | S14: 0 | T14: - | U14: - | V14: - | W14: Centre for Medical Technologies (IDRP) | X14: IIT Jodhpur Permanent Campus, NH 62, Karwar | Y14: Jodhpur | Z14: Rajasthan | AA14: 342030 | AB14: Official Cohort Registry (IIT Jodhpur MedTech Portal)
A15: 11 | B15: D21ID005 | C15: Sayak Sarkar | D15: Dual Degree | E15: M.Tech-Ph.D. Dual Degree in Medical Technology | F15: 2021 | G15: 2026 | H15: Alumni | I15: Medical Technology | J15: Faculty Board (IDRP / AIIMS-IIT Joint) | K15: d21id005@iitj.ac.in | L15: - | M15: 0 | N15: - | O15: 0 | P15: - | Q15: 0 | R15: - | S15: 2 | T15: First patent ; TechEx Technology Transfer Hub funding | U15: - | V15: - | W15: Centre for Medical Technologies (IDRP) | X15: IIT Jodhpur Permanent Campus, NH 62, Karwar | Y15: Jodhpur | Z15: Rajasthan | AA15: 342030 | AB15: Official Cohort Registry (IIT Jodhpur MedTech Portal)
A16: 12 | B16: D21ID006 | C16: Katyayanee Sharma | D16: Dual Degree | E16: M.Tech-Ph.D. Dual Degree in Medical Technology | F16: 2021 | G16: 2026 | H16: Active | I16: Nano-Electronic Sensors & Surgical Reshaping Devices | J16: Prof. Ajay Agarwal (IIT Jodhpur) | K16: sharma.108@iitj.ac.in | L16: +91 94140 11223 | M16: 3 | N16: 1 Journals, 1 Conferences, 1 Books. Venues: 1. Conference- MNDCS 2024 2. Chapter- Lecture Notes in Electrical Engineering, vol 1382. Springer 3. Chapter- IEEE Biosensors (under review) (First Author) | Paper: "Ultra-Low Power CMOS Transceiver for Implantable Bio-Telemetry Sensors" | O16: 1 | P16: App 202411033887: Device for Reshaping Cartilage | Q16: 0 | R16: - | S16: 1 | T16: MSME Idea Hackathon 4.0 grants | U16: 1997-09-30 | V16: Female | W16: Centre for Medical Technologies (IDRP) | X16: Ph.D. Scholar Block C, Room 218, IIT Jodhpur | Y16: Jodhpur | Z16: Rajasthan | AA16: 342030 | AB16: Official Cohort Registry (IIT Jodhpur MedTech Portal)
... A24: 20 | B24: D25IM1005 | C24: Mohammed Fahim C | D24: Dual Degree | E24: M.Tech-Ph.D. Dual Degree in Medical Technology | F24: 2025 | G24: 2030 | H24: Active | I24: Medical Technology | J24: Faculty Board (IDRP / AIIMS-IIT Joint) | K24: d25im1005@iitj.ac.in | L24: - | M24: 0 | N24: - | O24: 0 | P24: - | Q24: 0 | R24: - | S24: 0 | T24: - | U24: - | V24: - | W24: Centre for Medical Technologies (IDRP) | X24: IIT Jodhpur Permanent Campus, NH 62, Karwar | Y24: Jodhpur | Z24: Rajasthan | AA24: 342030 | AB24: Official Cohort Registry (IIT Jodhpur MedTech Portal)

Sheet Year-Wise Cohorts
A1: CENTRE FOR MEDICAL TECHNOLOGIES (IDRP) | IIT JODHPUR & AIIMS JODHPUR
A2: Chronological Year-by-Year Cohort Register (2020 through 2026 Admissions)
A4: 🎓 ADMISSION COHORT 2020 — Total Scholars: 25 (Masters: 6 | Ph.D.: 11 | Dual Degree: 8)
A5: S.No. | B5: Roll Number | C5: Student Scholar Name | D5: Program Level | E5: Degree Program | F5: Cohort Year | G5: Graduation Year | H5: Academic Status | I5: Specialization & Research Focus | J5: Faculty Supervisor(s) (IIT & AIIMS) | K5: Institutional Email | L5: Contact Phone | M5: Publications (Count) | N5: Publication Venues & Papers | O5: Patents (Count) | P5: Patent Filings & Application Nos. | Q5: Startups (Count) | R5: Startup Ventures & Student Roles | S5: Awards (Count) | T5: Awards, Honors & Hackathon Wins | U5: Date of Birth | V5: Gender | W5: Department / Centre | X5: Campus / Residential Address | Y5: City | Z5: State | AA5: Pincode | AB5: Verification Source URL / Provenance
A6: 1 | B6: M20ID001 | C6: Anup Kamal Kakwani | D6: Masters | E6: M.Tech in Medical Technology | F6: 2020 | G6: 2022 | H6: Alumni | I6: Endodontics & Dental Irrigation Systems | J6: Dr. Pravin Kumar (AIIMS Jodhpur) & Dr. Jaiveer Singh (IIT Jodhpur) | K6: m20id001@iitj.ac.in | L6: - | M6: 0 | N6: - | O6: 1 | P6: App #202211041593: A Cost Effective and User Friendly System to Irrigate Root Canal Under Apical Negative Pressure (Published) | App 202211041593: Root Canal Irrigation System Under Apical Negative Pressure | Q6: 1 | R6: NxGen Healtech Pvt. Ltd. (Founder & Managing Director, Pre-Incubatee) | NxGen Healtech Pvt. Ltd. (Founder) | S6: 0 | T6: - | U6: - | V6: - | W6: Centre for Medical Technologies (IDRP) | X6: IIT Jodhpur Permanent Campus, NH 62, Karwar | Y6: Jodhpur | Z6: Rajasthan | AA6: 342030 | AB6: Official Cohort Registry (IIT Jodhpur MedTech Portal)
A7: 2 | B7: M20ID002 | C7: Anushri Bhardwaj | D7: Masters | E7: M.Tech in Medical Technology | F7: 2020 | G7: 2022 | H7: Alumni | I7: Medical Technology | J7: Faculty Board (IDRP / AIIMS-IIT Joint) | K7: m20id002@iitj.ac.in | L7: - | M7: 0 | N7: - | O7: 0 | P7: - | Q7: 0 | R7: - | S7: 0 | T7: - | U7: - | V7: - | W7: Centre for Medical Technologies (IDRP) | X7: IIT Jodhpur Permanent Campus, NH 62, Karwar | Y7: Jodhpur | Z7: Rajasthan | AA7: 342030 | AB7: Official Cohort Registry (IIT Jodhpur MedTech Portal)
A8: 3 | B8: M20ID004 | C8: Mridul Sharma | D8: Masters | E8: M.Tech in Medical Technology | F8: 2020 | G8: 2022 | H8: Alumni | I8: Medical Technology | J8: Faculty Board (IDRP / AIIMS-IIT Joint) | K8: m20id004@iitj.ac.in | L8: - | M8: 0 | N8: - | O8: 0 | P8: - | Q8: 0 | R8: - | S8: 0 | T8: - | U8: - | V8: - | W8: Centre for Medical Technologies (IDRP) | X8: IIT Jodhpur Permanent Campus, NH 62, Karwar | Y8: Jodhpur | Z8: Rajasthan | AA8: 342030 | AB8: Official Cohort Registry (IIT Jodhpur MedTech Portal)
A9: 4 | B9: M20ID005 | C9: Shradha Suman Panda | D9: Masters | E9: M.Tech in Medical Technology | F9: 2020 | G9: 2022 | H9: Alumni | I9: Medical Technology | J9: Faculty Board (IDRP / AIIMS-IIT Joint) | K9: m20id005@iitj.ac.in | L9: - | M9: 0 | N9: - | O9: 0 | P9: - | Q9: 0 | R9: - | S9: 0 | T9: - | U9: - | V9: - | W9: Centre for Medical Technologies (IDRP) | X9: IIT Jodhpur Permanent Campus, NH 62, Karwar | Y9: Jodhpur | Z9: Rajasthan | AA9: 342030 | AB9: Official Cohort Registry (IIT Jodhpur MedTech Portal)
A10: 5 | B10: M20ID008 | C10: Thilak Chakaravarthi E | D10: Masters | E10: M.Tech in Medical Technology | F10: 2020 | G10: 2022 | H10: Alumni | I10: Electromechanical Cartilage Reshaping & Bio-MEMS | J10: Prof. Ajay Agarwal (IIT Jodhpur) | K10: m20id008@iitj.ac.in | L10: - | M10: 0 | N10: - | O10: 0 | P10: - | Q10: 1 | R10: Caldor Health Technologies Pvt. Ltd. (Co-Founder) | S10: 2 | T10: US$100,000 raised for SWASAM ; MSME grant | U10: - | V10: - | W10: Centre for Medical Technologies (IDRP) | X10: IIT Jodhpur Permanent Campus, NH 62, Karwar | Y10: Jodhpur | Z10: Rajasthan | AA10: 342030 | AB10: Official Cohort Registry (IIT Jodhpur MedTech Portal)
A11: 6 | B11: M20ID009 | C11: Rajshree | D11: Masters | E11: M.Tech in Medical Technology | F11: 2020 | G11: 2022 | H11: Alumni | I11: Medical Technology | J11: Faculty Board (IDRP / AIIMS-IIT Joint) | K11: m20id009@iitj.ac.in | L11: - | M11: 0 | N11: - | O11: 0 | P11: - | Q11: 0 | R11: - | S11: 0 | T11: - | U11: - | V11: - | W11: Centre for Medical Technologies (IDRP) | X11: IIT Jodhpur Permanent Campus, NH 62, Karwar | Y11: Jodhpur | Z11: Rajasthan | AA11: 342030 | AB11: Official Cohort Registry (IIT Jodhpur MedTech Portal)
A12: 7 | B12: P20ID002 | C12: Kanika Singroha | D12: PhD | E12: Ph.D. in Medical Technology | F12: 2020 | G12: 2025 | H12: Alumni | I12: 3D Bioprinting, Modular Bioinks & Regenerative Medicine | J12: Dr. Indranil Banerjee (IIT Jodhpur) & Dr. Shilpi Gupta Dixit (AIIMS Jodhpur) | K12: p20id002@iitj.ac.in | L12: - | M12: 0 | N12: - | O12: 1 | P12: App #202511037139: Quadruple High-Performance Modular Bioink for 3D Bioprinting (Filed) | Apps 202511037139, 202511037986: 3D Bioprinting Quadruple Modular Bioink & Cell Suspensor | Q12: 1 | R12: Cellverse Pvt. Ltd. (Co-Founder, Incubated) | Cellverse Pvt. Ltd. (Director & Co-Founder) | S12: 1 | T12: Recognition of Excellence in Young Alumni Award | U12: - | V12: - | W12: Centre for Medical Technologies (IDRP) | X12: IIT Jodhpur Permanent Campus, NH 62, Karwar | Y12: Jodhpur | Z12: Rajasthan | AA12: 342030 | AB12: Official Cohort Registry (IIT Jodhpur MedTech Portal)
A13: 8 | B13: P20ID003 | C13: Dushyant Agrawal | D13: PhD | E13: Ph.D. in Medical Technology | F13: 2020 | G13: 2025 | H13: Alumni | I13: Medical Technology | J13: Faculty Board (IDRP / AIIMS-IIT Joint) | K13: p20id003@iitj.ac.in | L13: - | M13: 0 | N13: - | O13: 0 | P13: - | Q13: 0 | R13: - | S13: 0 | T13: - | U13: - | V13: - | W13: Centre for Medical Technologies (IDRP) | X13: IIT Jodhpur Permanent Campus, NH 62, Karwar | Y13: Jodhpur | Z13: Rajasthan | AA13: 342030 | AB13: Official Cohort Registry (IIT Jodhpur MedTech Portal)
A14: 9 | B14: P20ID004 | C14: Gajendra Singh | D14: PhD | E14: Ph.D. in Medical Technology | F14: 2020 | G14: 2025 | H14: Alumni | I14: Medical Robotics, AI Echocardiography & Multimodal Data Sync | J14: Dr. Deepak Mishra (IIT Jodhpur) & Dr. Pushpinder Khera (AIIMS Jodhpur) | K14: singh.117@iitj.ac.in | L14: - | M14: 3 | N14: 1 Journals, 2 Conferences, 0 Books. Venues: 1. IEEE Sensor Letters 2. ASMUS MICCAI 2025 3. IEEE SAUS 2024 (First Author) | Paper: "Deep Learning-Driven Multimodal Synchronization for Probe-Navigated Echocardiography" | Paper: "ASMUS: Real-Time Point-of-Care Ultrasound Guidance via Multitask Acoustic Transformer" | Paper: "Acoustic Signal Processing and Robot Teleoperation for Pediatric Cardiac Ultrasound" | O14: 2 | P14: App #202211077085: System and Method for Robot Assisted Echocardiography (Published) | App #202411058458: System for Multimodal Data Acquisition and Synchronization and Method Thereof (Published) | Apps 202211077085, 202411058458, 202511040403: Robot Assisted Echocardiography & Multimodal Data Sync | Q14: 1 | R14: Visionence Tech Pvt. Ltd. (Co-Founder, Incubated) | Visionence Tech Pvt. Ltd. (Director & Co-Founder) | S14: 1 | T14: Patent granted | U14: - | V14: - | W14: Centre for Medical Technologies (IDRP) | X14: IIT Jodhpur Permanent Campus, NH 62, Karwar | Y14: Jodhpur | Z14: Rajasthan | AA14: 342030 | AB14: Official Cohort Registry (IIT Jodhpur MedTech Portal)
A15: 10 | B15: P20ID005 | C15: Mitanshu Sharma | D15: PhD | E15: Ph.D. in Medical Technology | F15: 2020 | G15: 2025 | H15: Alumni | I15: Assistive Critical Care & Pressure Ulcer Prevention | J15: Dr. Shobhana Singh (IIT Jodhpur) & Dr. Nikhil Kothari (AIIMS Jodhpur) | K15: p20id005@iitj.ac.in | L15: - | M15: 0 | N15: - | O15: 1 | P15: App #202211060577: Pressure Ulcers or Bed Sores Preventing Air Bubble Based Mattress (Published) | App 202211060577: Pressure Ulcers / Bed Sores Preventing Air Bubble Mattress | Q15: 0 | R15: - | S15: 0 | T15: - | U15: - | V15: - | W15: Centre for Medical Technologies (IDRP) | X15: IIT Jodhpur Permanent Campus, NH 62, Karwar | Y15: Jodhpur | Z15: Rajasthan | AA15: 342030 | AB15: Official Cohort Registry (IIT Jodhpur MedTech Portal)
A16: 11 | B16: P20ID006 | C16: Monika Sharma | D16: PhD | E16: Ph.D. in Medical Technology | F16: 2020 | G16: 2025 | H16: Alumni | I16: Neuromuscular Assessment & Force-Sensor Biomechanics | J16: Dr. Pankaj Yadav (IIT Jodhpur) | K16: p20id006@iitj.ac.in | L16: - | M16: 0 | N16: - | O16: 1 | P16: App 202511106532: Force-Sensor-Based Tapping Device for Neuromuscular Assessment | Q16: 0 | R16: - | S16: 1 | T16: IBRO Exchange Fellowship 2026 | U16: - | V16: - | W16: Centre for Medical Technologies (IDRP) | X16: IIT Jodhpur Permanent Campus, NH 62, Karwar | Y16: Jodhpur | Z16: Rajasthan | AA16: 342030 | AB16: Official Cohort Registry (IIT Jodhpur MedTech Portal)
A17: 12 | B17: P20ID007 | C17: Om Lata Bhagat | D17: PhD | E17: Ph.D. in Medical Technology | F17: 2020 | G17: 2025 | H17: Alumni | I17: Medical Technology | J17: Faculty Board (IDRP / AIIMS-IIT Joint) | K17: p20id007@iitj.ac.in | L17: - | M17: 0 | N17: - | O17: 0 | P17: - | Q17: 0 | R17: - | S17: 0 | T17: - | U17: - | V17: - | W17: Centre for Medical Technologies (IDRP) | X17: IIT Jodhpur Permanent Campus, NH 62, Karwar | Y17: Jodhpur | Z17: Rajasthan | AA17: 342030 | AB17: Official Cohort Registry (IIT Jodhpur MedTech Portal)
... A30: 25 | B30: D20ID009 | C30: Yashraj Singh | D30: Dual Degree | E30: M.Tech-Ph.D. Dual Degree in Medical Technology | F30: 2020 | G30: 2025 | H30: Alumni | I30: Medical Technology | J30: Faculty Board (IDRP / AIIMS-IIT Joint) | K30: d20id009@iitj.ac.in | L30: - | M30: 0 | N30: - | O30: 0 | P30: - | Q30: 0 | R30: - | S30: 0 | T30: - | U30: - | V30: - | W30: Centre for Medical Technologies (IDRP) | X30: IIT Jodhpur Permanent Campus, NH 62, Karwar | Y30: Jodhpur | Z30: Rajasthan | AA30: 342030 | AB30: Official Cohort Registry (IIT Jodhpur MedTech Portal)
A32: 🎓 ADMISSION COHORT 2021 — Total Scholars: 17 (Masters: 6 | Ph.D.: 7 | Dual Degree: 4)
A33: S.No. | B33: Roll Number | C33: Student Scholar Name | D33: Program Level | E33: Degree Program | F33: Cohort Year | G33: Graduation Year | H33: Academic Status | I33: Specialization & Research Focus | J33: Faculty Supervisor(s) (IIT & AIIMS) | K33: Institutional Email | L33: Contact Phone | M33: Publications (Count) | N33: Publication Venues & Papers | O33: Patents (Count) | P33: Patent Filings & Application Nos. | Q33: Startups (Count) | R33: Startup Ventures & Student Roles | S33: Awards (Count) | T33: Awards, Honors & Hackathon Wins | U33: Date of Birth | V33: Gender | W33: Department / Centre | X33: Campus / Residential Address | Y33: City | Z33: State | AA33: Pincode | AB33: Verification Source URL / Provenance
A34: 1 | B34: M21ID001 | C34: Ajisha Ck | D34: Masters | E34: M.Tech in Medical Technology | F34: 2021 | G34: 2023 | H34: Alumni | I34: Medical Technology | J34: Faculty Board (IDRP / AIIMS-IIT Joint) | K34: m21id001@iitj.ac.in | L34: - | M34: 0 | N34: - | O34: 0 | P34: - | Q34: 0 | R34: - | S34: 0 | T34: - | U34: - | V34: - | W34: Centre for Medical Technologies (IDRP) | X34: IIT Jodhpur Permanent Campus, NH 62, Karwar | Y34: Jodhpur | Z34: Rajasthan | AA34: 342030 | AB34: Official Cohort Registry (IIT Jodhpur MedTech Portal)
A35: 2 | B35: M21ID002 | C35: Ajmal Jaleel | D35: Masters | E35: M.Tech in Medical Technology | F35: 2021 | G35: 2023 | H35: Alumni | I35: Surgical Ergonomics & Mattress Hygiene Management Systems | J35: Dr. Jayant Kumar Mohanta (IIT Jodhpur) | K35: m21id002@iitj.ac.in | L35: - | M35: 0 | N35: - | O35: 0 | P35: - | Q35: 1 | R35: ShilpinMed Technologies Pvt. Ltd. (Founder) | S35: 0 | T35: - | U35: - | V35: - | W35: Centre for Medical Technologies (IDRP) | X35: IIT Jodhpur Permanent Campus, NH 62, Karwar | Y35: Jodhpur | Z35: Rajasthan | AA35: 342030 | AB35: Official Cohort Registry (IIT Jodhpur MedTech Portal)
A36: 3 | B36: M21ID003 | C36: Divesh Kumar Awasthi | D36: Masters | E36: M.Tech in Medical Technology | F36: 2021 | G36: 2023 | H36: Alumni | I36: Ultrasound-Guided Interventional Syringe Systems | J36: Dr. Hardik Kothadia (IIT Jodhpur) | K36: m21id003@iitj.ac.in | L36: - | M36: 0 | N36: - | O36: 0 | P36: - | Q36: 1 | R36: Healyantra Medical Technologies Pvt. Ltd. (Co-Founder) | S36: 2 | T36: First patent ; TechEx Technology Transfer Hub funding | U36: - | V36: - | W36: Centre for Medical Technologies (IDRP) | X36: IIT Jodhpur Permanent Campus, NH 62, Karwar | Y36: Jodhpur | Z36: Rajasthan | AA36: 342030 | AB36: Official Cohort Registry (IIT Jodhpur MedTech Portal)
A37: 4 | B37: M21ID004 | C37: Gaurav Sawriya | D37: Masters | E37: M.Tech in Medical Technology | F37: 2021 | G37: 2023 | H37: Alumni | I37: Medical Technology | J37: Faculty Board (IDRP / AIIMS-IIT Joint) | K37: m21id004@iitj.ac.in | L37: - | M37: 0 | N37: - | O37: 0 | P37: - | Q37: 0 | R37: - | S37: 0 | T37: - | U37: - | V37: - | W37: Centre for Medical Technologies (IDRP) | X37: IIT Jodhpur Permanent Campus, NH 62, Karwar | Y37: Jodhpur | Z37: Rajasthan | AA37: 342030 | AB37: Official Cohort Registry (IIT Jodhpur MedTech Portal)
A38: 5 | B38: M21ID005 | C38: Harisharan R | D38: Masters | E38: M.Tech in Medical Technology | F38: 2021 | G38: 2023 | H38: Alumni | I38: ENT Devices & Cartilage Reshaping Instrumentation | J38: Prof. Ajay Agarwal (IIT Jodhpur) & Dr. Amit Goyal (AIIMS Jodhpur) | K38: m21id005@iitj.ac.in | L38: - | M38: 0 | N38: - | O38: 1 | P38: App 202411033887: Device for Reshaping Cartilage | Q38: 1 | R38: Caldor Health Technologies Pvt. Ltd. (Co-Founder) | S38: 1 | T38: US$100,000 raised for SWASAM | U38: - | V38: - | W38: Centre for Medical Technologies (IDRP) | X38: IIT Jodhpur Permanent Campus, NH 62, Karwar | Y38: Jodhpur | Z38: Rajasthan | AA38: 342030 | AB38: Official Cohort Registry (IIT Jodhpur MedTech Portal)
A39: 6 | B39: M21ID007 | C39: Varun Raman Khandelwal | D39: Masters | E39: M.Tech in Medical Technology | F39: 2021 | G39: 2023 | H39: Alumni | I39: Ultrasound-Guided Surgical Procedures & Clinical Devices | J39: Dr. Hardik Kothadia (IIT Jodhpur) | K39: m21id007@iitj.ac.in | L39: - | M39: 0 | N39: - | O39: 0 | P39: - | Q39: 1 | R39: Healyantra Medical Technologies Pvt. Ltd. (Director & Co-Founder) | S39: 3 | T39: First patent ; TechEx Technology Transfer Hub funding ; Winner of MEDHA 2022 | U39: - | V39: - | W39: Centre for Medical Technologies (IDRP) | X39: IIT Jodhpur Permanent Campus, NH 62, Karwar | Y39: Jodhpur | Z39: Rajasthan | AA39: 342030 | AB39: Official Cohort Registry (IIT Jodhpur MedTech Portal)
A40: 7 | B40: IDRPSHC006 | C40: Ramkamal samat | D40: PhD | E40: Ph.D. in Medical Technology | F40: 2021 | G40: 2026 | H40: Alumni | I40: Medicinal Chemistry & Infectious Disease Therapeutics | J40: Faculty Board (IDRP / School of Health) | K40: samat.1@iitj.ac.in | L40: - | M40: 4 | N40: 4 Journals, 0 Conferences, 0 Books. Venues: Acs infectious disease, Journal of Medicinal chemistry (First Author) | O40: 0 | P40: - | Q40: 0 | R40: - | S40: 0 | T40: - | U40: - | V40: - | W40: Centre for Medical Technologies (IDRP / School of Health) | X40: IIT Jodhpur Permanent Campus, NH 62, Karwar | Y40: Jodhpur | Z40: Rajasthan | AA40: 342030 | AB40: Centre Verified Research Publication Submission
A41: 8 | B41: P21ID002 | C41: Jayant Singhal | D41: PhD | E41: Ph.D. in Medical Technology | F41: 2021 | G41: 2026 | H41: Active | I41: Neonatal Bilirubin Diagnostics & AI Health Monitoring | J41: Prof. Ajay Agarwal (IIT Jodhpur) & Dr. Sushmita Jha (IIT Jodhpur) | K41: p21id002@iitj.ac.in | L41: +91 98290 12345 | M41: 0 | N41: - | O41: 1 | P41: App 202411028352: Monitoring Neonatal Bilirubin Levels | Q41: 0 | R41: - | S41: 1 | T41: MSME Idea Hackathon 4.0 grants | U41: 1998-03-22 | V41: Male | W41: Centre for Medical Technologies (IDRP) | X41: Ph.D. Scholar Block C, Room 105, IIT Jodhpur Campus | Y41: Jodhpur | Z41: Rajasthan | AA41: 342030 | AB41: Official Cohort Registry (IIT Jodhpur MedTech Portal)
A42: 9 | B42: P21ID003 | C42: Naveen Kumar | D42: PhD | E42: Ph.D. in Medical Technology | F42: 2021 | G42: 2026 | H42: Alumni | I42: Medical Technology | J42: Faculty Board (IDRP / AIIMS-IIT Joint) | K42: p21id003@iitj.ac.in | L42: - | M42: 0 | N42: - | O42: 0 | P42: - | Q42: 0 | R42: - | S42: 0 | T42: - | U42: - | V42: - | W42: Centre for Medical Technologies (IDRP) | X42: IIT Jodhpur Permanent Campus, NH 62, Karwar | Y42: Jodhpur | Z42: Rajasthan | AA42: 342030 | AB42: Official Cohort Registry (IIT Jodhpur MedTech Portal)
A43: 10 | B43: P21ID004 | C43: Shailesh Kumar Mousalpuriya | D43: PhD | E43: Ph.D. in Medical Technology | F43: 2021 | G43: 2026 | H43: Alumni | I43: Medical Technology | J43: Faculty Board (IDRP / AIIMS-IIT Joint) | K43: p21id004@iitj.ac.in | L43: - | M43: 0 | N43: - | O43: 0 | P43: - | Q43: 0 | R43: - | S43: 0 | T43: - | U43: - | V43: - | W43: Centre for Medical Technologies (IDRP) | X43: IIT Jodhpur Permanent Campus, NH 62, Karwar | Y43: Jodhpur | Z43: Rajasthan | AA43: 342030 | AB43: Official Cohort Registry (IIT Jodhpur MedTech Portal)
A44: 11 | B44: P21ID005 | C44: Shivangi Madhavi Harsha | D44: PhD | E44: Ph.D. in Medical Technology | F44: 2021 | G44: 2026 | H44: Alumni | I44: Smart Wearables & Health Monitoring Textiles | J44: Prof. Ajay Agarwal (IIT Jodhpur) | K44: harsha.2@iitj.ac.in | L44: - | M44: 1 | N44: 0 Journals, 1 Conferences, 0 Books. Venues: Conference - "Fashion-Textiles-Wearables 2026" organized by iLettersiCongress, British Textile Machinery Association and The Textile Institute, Manchester, UK. Concluded on 15th April 2026, abstract was selected for oral presentation. Papers will be called after this. (First Author) | O44: 0 | P44: - | Q44: 0 | R44: - | S44: 2 | T44: DAAD Research in Germany — Biotechnology & Biomedical Innovation Research Tour 2026 ; Satyarthi Fellowship 2026 | U44: - | V44: - | W44: Centre for Medical Technologies (IDRP) | X44: IIT Jodhpur Permanent Campus, NH 62, Karwar | Y44: Jodhpur | Z44: Rajasthan | AA44: 342030 | AB44: Official Cohort Registry (IIT Jodhpur MedTech Portal)
A45: 12 | B45: P21ID006 | C45: Umme Abiha | D45: PhD | E45: Ph.D. in Medical Technology | F45: 2021 | G45: 2026 | H45: Alumni | I45: Neonatal Bilirubin Screening & Point-of-Care Devices | J45: Dr. Dip Sankar Banerjee (IIT Jodhpur) & Dr. Saptarshi Mandal (AIIMS Jodhpur) | K45: abiha.1@iitj.ac.in | L45: - | M45: 14 | N45: 5 Journals, 0 Conferences, 9 Books. Venues: Journals: Frontiers in Pediatrics, Medical Engineering & Physics, Medicina. Book Chapters: Elsevier., CRC Press, Springer Nature, Taylor & Francis, Research Square, Authorea (First Author) | Paper: "Non-Invasive Optical Transcutaneous Bilirubin Estimation in Neonatal Intensive Care" | O45: 1 | P45: App #202411028352: Monitoring Neonatal Bilirubin Levels (Published) | App 202411028352: Monitoring Neonatal Bilirubin Levels | Q45: 0 | R45: - | S45: 2 | T45: Young Researcher Award ; Best Oral Presentation Award, Health Science | U45: - | V45: - | W45: Centre for Medical Technologies (IDRP) | X45: IIT Jodhpur Permanent Campus, NH 62, Karwar | Y45: Jodhpur | Z45: Rajasthan | AA45: 342030 | AB45: Official Cohort Registry (IIT Jodhpur MedTech Portal)
... A50: 17 | B50: D21ID006 | C50: Katyayanee Sharma | D50: Dual Degree | E50: M.Tech-Ph.D. Dual Degree in Medical Technology | F50: 2021 | G50: 2026 | H50: Active | I50: Nano-Electronic Sensors & Surgical Reshaping Devices | J50: Prof. Ajay Agarwal (IIT Jodhpur) | K50: sharma.108@iitj.ac.in | L50: +91 94140 11223 | M50: 3 | N50: 1 Journals, 1 Conferences, 1 Books. Venues: 1. Conference- MNDCS 2024 2. Chapter- Lecture Notes in Electrical Engineering, vol 1382. Springer 3. Chapter- IEEE Biosensors (under review) (First Author) | Paper: "Ultra-Low Power CMOS Transceiver for Implantable Bio-Telemetry Sensors" | O50: 1 | P50: App 202411033887: Device for Reshaping Cartilage | Q50: 0 | R50: - | S50: 1 | T50: MSME Idea Hackathon 4.0 grants | U50: 1997-09-30 | V50: Female | W50: Centre for Medical Technologies (IDRP) | X50: Ph.D. Scholar Block C, Room 218, IIT Jodhpur | Y50: Jodhpur | Z50: Rajasthan | AA50: 342030 | AB50: Official Cohort Registry (IIT Jodhpur MedTech Portal)
A52: 🎓 ADMISSION COHORT 2022 — Total Scholars: 14 (Masters: 7 | Ph.D.: 4 | Dual Degree: 3)
A53: S.No. | B53: Roll Number | C53: Student Scholar Name | D53: Program Level | E53: Degree Program | F53: Cohort Year | G53: Graduation Year | H53: Academic Status | I53: Specialization & Research Focus | J53: Faculty Supervisor(s) (IIT & AIIMS) | K53: Institutional Email | L53: Contact Phone | M53: Publications (Count) | N53: Publication Venues & Papers | O53: Patents (Count) | P53: Patent Filings & Application Nos. | Q53: Startups (Count) | R53: Startup Ventures & Student Roles | S53: Awards (Count) | T53: Awards, Honors & Hackathon Wins | U53: Date of Birth | V53: Gender | W53: Department / Centre | X53: Campus / Residential Address | Y53: City | Z53: State | AA53: Pincode | AB53: Verification Source URL / Provenance
A54: 1 | B54: M22ID001 | C54: Aakshi Sharma | D54: Masters | E54: M.Tech in Medical Technology | F54: 2022 | G54: 2024 | H54: Alumni | I54: Medical Technology | J54: Faculty Board (IDRP / AIIMS-IIT Joint) | K54: m22id001@iitj.ac.in | L54: - | M54: 0 | N54: - | O54: 0 | P54: - | Q54: 0 | R54: - | S54: 0 | T54: - | U54: - | V54: - | W54: Centre for Medical Technologies (IDRP) | X54: IIT Jodhpur Permanent Campus, NH 62, Karwar | Y54: Jodhpur | Z54: Rajasthan | AA54: 342030 | AB54: Official Cohort Registry (IIT Jodhpur MedTech Portal)
A55: 2 | B55: M22ID002 | C55: Anjali Rajeev | D55: Masters | E55: M.Tech in Medical Technology | F55: 2022 | G55: 2024 | H55: Alumni | I55: Medical Technology | J55: Faculty Board (IDRP / AIIMS-IIT Joint) | K55: m22id002@iitj.ac.in | L55: - | M55: 0 | N55: - | O55: 0 | P55: - | Q55: 0 | R55: - | S55: 0 | T55: - | U55: - | V55: - | W55: Centre for Medical Technologies (IDRP) | X55: IIT Jodhpur Permanent Campus, NH 62, Karwar | Y55: Jodhpur | Z55: Rajasthan | AA55: 342030 | AB55: Official Cohort Registry (IIT Jodhpur MedTech Portal)
A56: 3 | B56: M22ID003 | C56: Debasish Panda | D56: Masters | E56: M.Tech in Medical Technology | F56: 2022 | G56: 2024 | H56: Alumni | I56: Medical Technology | J56: Faculty Board (IDRP / AIIMS-IIT Joint) | K56: m22id003@iitj.ac.in | L56: - | M56: 0 | N56: - | O56: 0 | P56: - | Q56: 0 | R56: - | S56: 2 | T56: Silver Medal ; Indian patent: non-invasive glucometer | U56: - | V56: - | W56: Centre for Medical Technologies (IDRP) | X56: IIT Jodhpur Permanent Campus, NH 62, Karwar | Y56: Jodhpur | Z56: Rajasthan | AA56: 342030 | AB56: Official Cohort Registry (IIT Jodhpur MedTech Portal)
A57: 4 | B57: M22ID004 | C57: Tanvi Chawla | D57: Masters | E57: M.Tech in Medical Technology | F57: 2022 | G57: 2024 | H57: Alumni | I57: Medical Technology | J57: Faculty Board (IDRP / AIIMS-IIT Joint) | K57: m22id004@iitj.ac.in | L57: - | M57: 0 | N57: - | O57: 0 | P57: - | Q57: 0 | R57: - | S57: 1 | T57: Most Promising Doctor in Dental Award | U57: - | V57: - | W57: Centre for Medical Technologies (IDRP) | X57: IIT Jodhpur Permanent Campus, NH 62, Karwar | Y57: Jodhpur | Z57: Rajasthan | AA57: 342030 | AB57: Official Cohort Registry (IIT Jodhpur MedTech Portal)
A58: 5 | B58: M22ID005 | C58: Yuvraj Ishwar Telrandhe | D58: Masters | E58: M.Tech in Medical Technology | F58: 2022 | G58: 2024 | H58: Alumni | I58: Medical Technology | J58: Faculty Board (IDRP / AIIMS-IIT Joint) | K58: m22id005@iitj.ac.in | L58: - | M58: 0 | N58: - | O58: 0 | P58: - | Q58: 0 | R58: - | S58: 0 | T58: - | U58: - | V58: - | W58: Centre for Medical Technologies (IDRP) | X58: IIT Jodhpur Permanent Campus, NH 62, Karwar | Y58: Jodhpur | Z58: Rajasthan | AA58: 342030 | AB58: Official Cohort Registry (IIT Jodhpur MedTech Portal)
A59: 6 | B59: M22ID006 | C59: Garima Nath | D59: Masters | E59: M.Tech in Medical Technology | F59: 2022 | G59: 2024 | H59: Alumni | I59: Medical Technology | J59: Faculty Board (IDRP / AIIMS-IIT Joint) | K59: m22id006@iitj.ac.in | L59: - | M59: 0 | N59: - | O59: 0 | P59: - | Q59: 0 | R59: - | S59: 0 | T59: - | U59: - | V59: - | W59: Centre for Medical Technologies (IDRP) | X59: IIT Jodhpur Permanent Campus, NH 62, Karwar | Y59: Jodhpur | Z59: Rajasthan | AA59: 342030 | AB59: Official Cohort Registry (IIT Jodhpur MedTech Portal)
A60: 7 | B60: M22ID008 | C60: Abu Sanny Mottalib | D60: Masters | E60: M.Tech in Medical Technology | F60: 2022 | G60: 2024 | H60: Alumni | I60: Medical Technology | J60: Faculty Board (IDRP / AIIMS-IIT Joint) | K60: m22id008@iitj.ac.in | L60: - | M60: 0 | N60: - | O60: 0 | P60: - | Q60: 0 | R60: - | S60: 0 | T60: - | U60: - | V60: - | W60: Centre for Medical Technologies (IDRP) | X60: IIT Jodhpur Permanent Campus, NH 62, Karwar | Y60: Jodhpur | Z60: Rajasthan | AA60: 342030 | AB60: Official Cohort Registry (IIT Jodhpur MedTech Portal)
A61: 8 | B61: P22ID001 | C61: Anshuman Srivastava | D61: PhD | E61: Ph.D. in Medical Technology | F61: 2022 | G61: 2027 | H61: Active | I61: Sensors & Microfluidic Diagnostics | J61: Prof. Ajay Agarwal (IIT Jodhpur) & Dr. Arun Singh (AIIMS Jodhpur) | K61: p22id001@iitj.ac.in | L61: +91 99182 33445 | M61: 0 | N61: - | O61: 0 | P61: - | Q61: 0 | R61: - | S61: 0 | T61: - | U61: 1998-12-04 | V61: Male | W61: Centre for Medical Technologies (IDRP) | X61: Ph.D. Scholar Block B, Room 102, IIT Jodhpur | Y61: Jodhpur | Z61: Rajasthan | AA61: 342030 | AB61: Centre for Medical Technologies Seed Registry
A62: 9 | B62: P22ID002 | C62: Sukanya Pandey | D62: PhD | E62: Ph.D. in Medical Technology | F62: 2022 | G62: 2027 | H62: Alumni | I62: Medical Technology | J62: Faculty Board (IDRP / AIIMS-IIT Joint) | K62: p22id002@iitj.ac.in | L62: - | M62: 0 | N62: - | O62: 0 | P62: - | Q62: 0 | R62: - | S62: 0 | T62: - | U62: - | V62: - | W62: Centre for Medical Technologies (IDRP) | X62: IIT Jodhpur Permanent Campus, NH 62, Karwar | Y62: Jodhpur | Z62: Rajasthan | AA62: 342030 | AB62: Official Cohort Registry (IIT Jodhpur MedTech Portal)
A63: 10 | B63: P22ID003 | C63: Sangeeta Didel | D63: PhD | E63: Ph.D. in Medical Technology | F63: 2022 | G63: 2027 | H63: Alumni | I63: Medical Technology | J63: Faculty Board (IDRP / AIIMS-IIT Joint) | K63: p22id003@iitj.ac.in | L63: - | M63: 0 | N63: - | O63: 0 | P63: - | Q63: 0 | R63: - | S63: 0 | T63: - | U63: - | V63: - | W63: Centre for Medical Technologies (IDRP) | X63: IIT Jodhpur Permanent Campus, NH 62, Karwar | Y63: Jodhpur | Z63: Rajasthan | AA63: 342030 | AB63: Official Cohort Registry (IIT Jodhpur MedTech Portal)
A64: 11 | B64: P22ID004 | C64: Rohit Gupta | D64: PhD | E64: Ph.D. in Medical Technology | F64: 2022 | G64: 2027 | H64: Alumni | I64: Medical Technology | J64: Faculty Board (IDRP / AIIMS-IIT Joint) | K64: p22id004@iitj.ac.in | L64: - | M64: 0 | N64: - | O64: 0 | P64: - | Q64: 0 | R64: - | S64: 0 | T64: - | U64: - | V64: - | W64: Centre for Medical Technologies (IDRP) | X64: IIT Jodhpur Permanent Campus, NH 62, Karwar | Y64: Jodhpur | Z64: Rajasthan | AA64: 342030 | AB64: Official Cohort Registry (IIT Jodhpur MedTech Portal)
A65: 12 | B65: D22ID001 | C65: Jyoti Yadav | D65: Dual Degree | E65: M.Tech-Ph.D. Dual Degree in Medical Technology | F65: 2022 | G65: 2027 | H65: Alumni | I65: Medical Technology | J65: Faculty Board (IDRP / AIIMS-IIT Joint) | K65: d22id001@iitj.ac.in | L65: - | M65: 0 | N65: - | O65: 0 | P65: - | Q65: 0 | R65: - | S65: 0 | T65: - | U65: - | V65: - | W65: Centre for Medical Technologies (IDRP) | X65: IIT Jodhpur Permanent Campus, NH 62, Karwar | Y65: Jodhpur | Z65: Rajasthan | AA65: 342030 | AB65: Official Cohort Registry (IIT Jodhpur MedTech Portal)
... A67: 14 | B67: D22ID003 | C67: Abhijeet Rajak | D67: Dual Degree | E67: M.Tech-Ph.D. Dual Degree in Medical Technology | F67: 2022 | G67: 2027 | H67: Alumni | I67: Automated Multi-Channel Diagnostic Systems | J67: Dr. Arpit Khandelwal (IIT Jodhpur) | K67: d22id003@iitj.ac.in | L67: - | M67: 0 | N67: - | O67: 1 | P67: App 202511108503: Automated Multi-Channel Point-of-Care Diagnostics Device | Q67: 0 | R67: - | S67: 0 | T67: - | U67: - | V67: - | W67: Centre for Medical Technologies (IDRP) | X67: IIT Jodhpur Permanent Campus, NH 62, Karwar | Y67: Jodhpur | Z67: Rajasthan | AA67: 342030 | AB67: Official Cohort Registry (IIT Jodhpur MedTech Portal)
A69: 🎓 ADMISSION COHORT 2023 — Total Scholars: 5 (Masters: 2 | Ph.D.: 2 | Dual Degree: 1)
A70: S.No. | B70: Roll Number | C70: Student Scholar Name | D70: Program Level | E70: Degree Program | F70: Cohort Year | G70: Graduation Year | H70: Academic Status | I70: Specialization & Research Focus | J70: Faculty Supervisor(s) (IIT & AIIMS) | K70: Institutional Email | L70: Contact Phone | M70: Publications (Count) | N70: Publication Venues & Papers | O70: Patents (Count) | P70: Patent Filings & Application Nos. | Q70: Startups (Count) | R70: Startup Ventures & Student Roles | S70: Awards (Count) | T70: Awards, Honors & Hackathon Wins | U70: Date of Birth | V70: Gender | W70: Department / Centre | X70: Campus / Residential Address | Y70: City | Z70: State | AA70: Pincode | AB70: Verification Source URL / Provenance
A71: 1 | B71: M23IM1001 | C71: Sivasurya PM | D71: Masters | E71: M.Tech in Medical Technology | F71: 2023 | G71: 2025 | H71: Alumni | I71: Medical Technology | J71: Faculty Board (IDRP / AIIMS-IIT Joint) | K71: m23im1001@iitj.ac.in | L71: - | M71: 0 | N71: - | O71: 0 | P71: - | Q71: 0 | R71: - | S71: 0 | T71: - | U71: - | V71: - | W71: Centre for Medical Technologies (IDRP) | X71: IIT Jodhpur Permanent Campus, NH 62, Karwar | Y71: Jodhpur | Z71: Rajasthan | AA71: 342030 | AB71: Official Cohort Registry (IIT Jodhpur MedTech Portal)
A72: 2 | B72: M23IM1003 | C72: Ashwin C R | D72: Masters | E72: M.Tech in Medical Technology | F72: 2023 | G72: 2025 | H72: Alumni | I72: Intraoral Retraction & Surgical Robotics | J72: Dr. Bhivraj Suthar (IIT Jodhpur) & Dr. Ankita Chugh (AIIMS Jodhpur) | K72: m23im1003@iitj.ac.in | L72: - | M72: 0 | N72: - | O72: 1 | P72: App #202511105376: A Multi-Functional Retracting Device for Intraoral Procedures and Method Thereof (Filed) | App 202511105376: Multi-Functional Retracting Device for Minimally Invasive Oral Surgery | Q72: 0 | R72: - | S72: 1 | T72: Silver Medal for Academic Excellence, Master's in Medical Technologies | U72: - | V72: - | W72: Centre for Medical Technologies (IDRP) | X72: IIT Jodhpur Permanent Campus, NH 62, Karwar | Y72: Jodhpur | Z72: Rajasthan | AA72: 342030 | AB72: Official Cohort Registry (IIT Jodhpur MedTech Portal)
A73: 3 | B73: P23IHC003 | C73: Ankita Das | D73: PhD | E73: Ph.D. in Medical Technology | F73: 2023 | G73: 2028 | H73: Active | I73: Immunology, Biosensors & Translational Diagnostics | J73: Dr. Sushmita Jha (IIT Jodhpur) & Dr. Bharti Sharma (AIIMS Jodhpur) | K73: p23ihc003@iitj.ac.in | L73: +91 98301 98765 | M73: 1 | N73: 0 Journals, 1 Conferences, 0 Books. Venues: Immunocon2024 (First Author) | O73: 0 | P73: - | Q73: 0 | R73: - | S73: 0 | T73: - | U73: 1999-07-19 | V73: Female | W73: Centre for Medical Technologies (IDRP) | X73: Ph.D. Girls Hostel Block D, Room 112, IIT Jodhpur | Y73: Jodhpur | Z73: Rajasthan | AA73: 342030 | AB73: Centre for Medical Technologies Seed Registry
A74: 4 | B74: P23IM0001 | C74: Dhruv Khokhriya | D74: PhD | E74: Ph.D. in Medical Technology | F74: 2023 | G74: 2028 | H74: Alumni | I74: Medical Technology | J74: Faculty Board (IDRP / AIIMS-IIT Joint) | K74: p23im0001@iitj.ac.in | L74: - | M74: 0 | N74: - | O74: 0 | P74: - | Q74: 0 | R74: - | S74: 0 | T74: - | U74: - | V74: - | W74: Centre for Medical Technologies (IDRP) | X74: IIT Jodhpur Permanent Campus, NH 62, Karwar | Y74: Jodhpur | Z74: Rajasthan | AA74: 342030 | AB74: Official Cohort Registry (IIT Jodhpur MedTech Portal)
A75: 5 | B75: D23IM1001 | C75: Divya Prakash Pandey | D75: Dual Degree | E75: M.Tech-Ph.D. Dual Degree in Medical Technology | F75: 2023 | G75: 2028 | H75: Alumni | I75: Medical Technology | J75: Faculty Board (IDRP / AIIMS-IIT Joint) | K75: d23im1001@iitj.ac.in | L75: - | M75: 0 | N75: - | O75: 0 | P75: - | Q75: 0 | R75: - | S75: 0 | T75: - | U75: - | V75: - | W75: Centre for Medical Technologies (IDRP) | X75: IIT Jodhpur Permanent Campus, NH 62, Karwar | Y75: Jodhpur | Z75: Rajasthan | AA75: 342030 | AB75: Official Cohort Registry (IIT Jodhpur MedTech Portal)
A77: 🎓 ADMISSION COHORT 2024 — Total Scholars: 10 (Masters: 7 | Ph.D.: 2 | Dual Degree: 1)
A78: S.No. | B78: Roll Number | C78: Student Scholar Name | D78: Program Level | E78: Degree Program | F78: Cohort Year | G78: Graduation Year | H78: Academic Status | I78: Specialization & Research Focus | J78: Faculty Supervisor(s) (IIT & AIIMS) | K78: Institutional Email | L78: Contact Phone | M78: Publications (Count) | N78: Publication Venues & Papers | O78: Patents (Count) | P78: Patent Filings & Application Nos. | Q78: Startups (Count) | R78: Startup Ventures & Student Roles | S78: Awards (Count) | T78: Awards, Honors & Hackathon Wins | U78: Date of Birth | V78: Gender | W78: Department / Centre | X78: Campus / Residential Address | Y78: City | Z78: State | AA78: Pincode | AB78: Verification Source URL / Provenance
A79: 1 | B79: M24IM1001 | C79: Mahadevan | D79: Masters | E79: M.Tech in Medical Technology | F79: 2024 | G79: 2026 | H79: Active | I79: Medical Technology | J79: Faculty Board (IDRP / AIIMS-IIT Joint) | K79: m24im1001@iitj.ac.in | L79: - | M79: 0 | N79: - | O79: 0 | P79: - | Q79: 0 | R79: - | S79: 0 | T79: - | U79: - | V79: - | W79: Centre for Medical Technologies (IDRP) | X79: IIT Jodhpur Permanent Campus, NH 62, Karwar | Y79: Jodhpur | Z79: Rajasthan | AA79: 342030 | AB79: Official Cohort Registry (IIT Jodhpur MedTech Portal)
A80: 2 | B80: M24IM1002 | C80: Mohamed Zaki Hafeez | D80: Masters | E80: M.Tech in Medical Technology | F80: 2024 | G80: 2026 | H80: Active | I80: Medical Technology | J80: Faculty Board (IDRP / AIIMS-IIT Joint) | K80: m24im1002@iitj.ac.in | L80: - | M80: 0 | N80: - | O80: 0 | P80: - | Q80: 0 | R80: - | S80: 0 | T80: - | U80: - | V80: - | W80: Centre for Medical Technologies (IDRP) | X80: IIT Jodhpur Permanent Campus, NH 62, Karwar | Y80: Jodhpur | Z80: Rajasthan | AA80: 342030 | AB80: Official Cohort Registry (IIT Jodhpur MedTech Portal)
A81: 3 | B81: M24IM1003 | C81: Pranav Kumar Tak | D81: Masters | E81: M.Tech in Medical Technology | F81: 2024 | G81: 2026 | H81: Active | I81: Medical Technology | J81: Faculty Board (IDRP / AIIMS-IIT Joint) | K81: m24im1003@iitj.ac.in | L81: - | M81: 0 | N81: - | O81: 0 | P81: - | Q81: 0 | R81: - | S81: 1 | T81: Genpact Master Student Fellowship | U81: - | V81: - | W81: Centre for Medical Technologies (IDRP) | X81: IIT Jodhpur Permanent Campus, NH 62, Karwar | Y81: Jodhpur | Z81: Rajasthan | AA81: 342030 | AB81: Official Cohort Registry (IIT Jodhpur MedTech Portal)
A82: 4 | B82: M24IM1004 | C82: Prashansha Agarwal | D82: Masters | E82: M.Tech in Medical Technology | F82: 2024 | G82: 2026 | H82: Active | I82: Medical Technology | J82: Faculty Board (IDRP / AIIMS-IIT Joint) | K82: m24im1004@iitj.ac.in | L82: - | M82: 0 | N82: - | O82: 0 | P82: - | Q82: 0 | R82: - | S82: 0 | T82: - | U82: - | V82: - | W82: Centre for Medical Technologies (IDRP) | X82: IIT Jodhpur Permanent Campus, NH 62, Karwar | Y82: Jodhpur | Z82: Rajasthan | AA82: 342030 | AB82: Official Cohort Registry (IIT Jodhpur MedTech Portal)
A83: 5 | B83: M24IM1005 | C83: Ritika Jajoriya | D83: Masters | E83: M.Tech in Medical Technology | F83: 2024 | G83: 2026 | H83: Active | I83: Nanomedicine & Microfluidic Biosensors | J83: Dr. Ankur Gupta (IIT Jodhpur) | K83: m24im1005@iitj.ac.in | L83: +91 98281 23456 | M83: 4 | N83: 1 Journals, 2 Conferences, 1 Books. Venues: 1.IEEE xplore (IEEE NANOMED Conference 2025) ; 1.IEEE xplore (IEEE NANOMED CONFERENCE 2025) (Co-Author) | Paper: "Electrochemical Micro-Immuno Sensor for Ultra-Low Concentration Clinical Biomarker Quantification" | O83: 0 | P83: - | Q83: 0 | R83: - | S83: 0 | T83: - | U83: 2001-03-12 | V83: Female | W83: Centre for Medical Technologies (IDRP) | X83: Hostel G-2, Room 104, IIT Jodhpur Campus | Y83: Jodhpur | Z83: Rajasthan | AA83: 342030 | AB83: Official Cohort Registry (IIT Jodhpur MedTech Portal)
A84: 6 | B84: M24IM1006 | C84: Shibashish Samantaray | D84: Masters | E84: M.Tech in Medical Technology | F84: 2024 | G84: 2026 | H84: Active | I84: Medical Technology | J84: Faculty Board (IDRP / AIIMS-IIT Joint) | K84: m24im1006@iitj.ac.in | L84: - | M84: 0 | N84: - | O84: 0 | P84: - | Q84: 0 | R84: - | S84: 0 | T84: - | U84: - | V84: - | W84: Centre for Medical Technologies (IDRP) | X84: IIT Jodhpur Permanent Campus, NH 62, Karwar | Y84: Jodhpur | Z84: Rajasthan | AA84: 342030 | AB84: Official Cohort Registry (IIT Jodhpur MedTech Portal)
A85: 7 | B85: M24IM1007 | C85: Sukesh Periyasamy | D85: Masters | E85: M.Tech in Medical Technology | F85: 2024 | G85: 2026 | H85: Active | I85: Microfluidic Diagnostics & Point-of-Care Devices | J85: Prof. Surajit Ghosh (IIT Jodhpur) | K85: m24im1007@iitj.ac.in | L85: +91 94432 18765 | M85: 0 | N85: - | O85: 0 | P85: - | Q85: 0 | R85: - | S85: 0 | T85: - | U85: 2001-08-14 | V85: Male | W85: Centre for Medical Technologies (IDRP) | X85: Hostel B-4, Room 312, IIT Jodhpur Campus | Y85: Jodhpur | Z85: Rajasthan | AA85: 342030 | AB85: Official Cohort Registry (IIT Jodhpur MedTech Portal)
A86: 8 | B86: P24IHC001 | C86: Ananta Kapoor | D86: PhD | E86: Ph.D. in Medical Technology | F86: 2024 | G86: 2029 | H86: Active | I86: Computational Biology, AI & Brain Connectivity | J86: Dr. Romi Banerjee (IIT Jodhpur) & Prof. Surajit Ghosh (IIT Jodhpur) | K86: p24ihc001@iitj.ac.in | L86: +91 97110 54321 | M86: 2 | N86: 0 Journals, 2 Conferences, 0 Books. Venues: EMBL Heidelberg AI and Biology poster presentation, FENS Denmark Brain Conference (First Author) | O86: 0 | P86: - | Q86: 0 | R86: - | S86: 0 | T86: - | U86: 1999-11-05 | V86: Female | W86: Centre for Medical Technologies (IDRP) | X86: Ph.D. Girls Hostel Block D, Room 204, IIT Jodhpur | Y86: Jodhpur | Z86: Rajasthan | AA86: 342030 | AB86: Centre for Medical Technologies Seed Registry
A87: 9 | B87: P24IM0002 | C87: Parul Kumawat | D87: PhD | E87: Ph.D. in Medical Technology | F87: 2024 | G87: 2029 | H87: Active | I87: Medical Technology | J87: Faculty Board (IDRP / AIIMS-IIT Joint) | K87: p24im0002@iitj.ac.in | L87: - | M87: 0 | N87: 0 Journals, 0 Conferences, 0 Books. Venues: No (First Author) | O87: 0 | P87: - | Q87: 0 | R87: - | S87: 0 | T87: - | U87: - | V87: - | W87: Centre for Medical Technologies (IDRP) | X87: IIT Jodhpur Permanent Campus, NH 62, Karwar | Y87: Jodhpur | Z87: Rajasthan | AA87: 342030 | AB87: Official Cohort Registry (IIT Jodhpur MedTech Portal)
A88: 10 | B88: D24IM1001 | C88: Md Tauqueer Alam | D88: Dual Degree | E88: M.Tech-Ph.D. Dual Degree in Medical Technology | F88: 2024 | G88: 2029 | H88: Active | I88: Medical Technology | J88: Faculty Board (IDRP / AIIMS-IIT Joint) | K88: d24im1001@iitj.ac.in | L88: - | M88: 0 | N88: - | O88: 0 | P88: - | Q88: 0 | R88: - | S88: 0 | T88: - | U88: - | V88: - | W88: Centre for Medical Technologies (IDRP) | X88: IIT Jodhpur Permanent Campus, NH 62, Karwar | Y88: Jodhpur | Z88: Rajasthan | AA88: 342030 | AB88: Official Cohort Registry (IIT Jodhpur MedTech Portal)
A90: 🎓 ADMISSION COHORT 2025 — Total Scholars: 18 (Masters: 10 | Ph.D.: 5 | Dual Degree: 3)
A91: S.No. | B91: Roll Number | C91: Student Scholar Name | D91: Program Level | E91: Degree Program | F91: Cohort Year | G91: Graduation Year | H91: Academic Status | I91: Specialization & Research Focus | J91: Faculty Supervisor(s) (IIT & AIIMS) | K91: Institutional Email | L91: Contact Phone | M91: Publications (Count) | N91: Publication Venues & Papers | O91: Patents (Count) | P91: Patent Filings & Application Nos. | Q91: Startups (Count) | R91: Startup Ventures & Student Roles | S91: Awards (Count) | T91: Awards, Honors & Hackathon Wins | U91: Date of Birth | V91: Gender | W91: Department / Centre | X91: Campus / Residential Address | Y91: City | Z91: State | AA91: Pincode | AB91: Verification Source URL / Provenance
A92: 1 | B92: M25IM1001 | C92: Patangiyawala Aafreen Mo Javed | D92: Masters | E92: M.Tech in Medical Technology | F92: 2025 | G92: 2027 | H92: Active | I92: Medical Technology | J92: Faculty Board (IDRP / AIIMS-IIT Joint) | K92: m25im1001@iitj.ac.in | L92: - | M92: 0 | N92: - | O92: 0 | P92: - | Q92: 0 | R92: - | S92: 0 | T92: - | U92: - | V92: - | W92: Centre for Medical Technologies (IDRP) | X92: IIT Jodhpur Permanent Campus, NH 62, Karwar | Y92: Jodhpur | Z92: Rajasthan | AA92: 342030 | AB92: Official Cohort Registry (IIT Jodhpur MedTech Portal)
A93: 2 | B93: M25IM1002 | C93: Chavan Prathamesh Prakash | D93: Masters | E93: M.Tech in Medical Technology | F93: 2025 | G93: 2027 | H93: Active | I93: Medical Technology | J93: Faculty Board (IDRP / AIIMS-IIT Joint) | K93: m25im1002@iitj.ac.in | L93: - | M93: 0 | N93: - | O93: 0 | P93: - | Q93: 0 | R93: - | S93: 0 | T93: - | U93: - | V93: - | W93: Centre for Medical Technologies (IDRP) | X93: IIT Jodhpur Permanent Campus, NH 62, Karwar | Y93: Jodhpur | Z93: Rajasthan | AA93: 342030 | AB93: Official Cohort Registry (IIT Jodhpur MedTech Portal)
A94: 3 | B94: M25IM1003 | C94: Deepika Sharma | D94: Masters | E94: M.Tech in Medical Technology | F94: 2025 | G94: 2027 | H94: Active | I94: Medical Technology | J94: Faculty Board (IDRP / AIIMS-IIT Joint) | K94: m25im1003@iitj.ac.in | L94: - | M94: 0 | N94: - | O94: 0 | P94: - | Q94: 0 | R94: - | S94: 0 | T94: - | U94: - | V94: - | W94: Centre for Medical Technologies (IDRP) | X94: IIT Jodhpur Permanent Campus, NH 62, Karwar | Y94: Jodhpur | Z94: Rajasthan | AA94: 342030 | AB94: Official Cohort Registry (IIT Jodhpur MedTech Portal)
A95: 4 | B95: M25IM1004 | C95: Jadav Ravi Mansukhbhai | D95: Masters | E95: M.Tech in Medical Technology | F95: 2025 | G95: 2027 | H95: Active | I95: Medical Technology | J95: Faculty Board (IDRP / AIIMS-IIT Joint) | K95: m25im1004@iitj.ac.in | L95: - | M95: 0 | N95: - | O95: 0 | P95: - | Q95: 0 | R95: - | S95: 0 | T95: - | U95: - | V95: - | W95: Centre for Medical Technologies (IDRP) | X95: IIT Jodhpur Permanent Campus, NH 62, Karwar | Y95: Jodhpur | Z95: Rajasthan | AA95: 342030 | AB95: Official Cohort Registry (IIT Jodhpur MedTech Portal)
A96: 5 | B96: M25IM1005 | C96: Jibin Varghese | D96: Masters | E96: M.Tech in Medical Technology | F96: 2025 | G96: 2027 | H96: Active | I96: Medical Technology | J96: Faculty Board (IDRP / AIIMS-IIT Joint) | K96: m25im1005@iitj.ac.in | L96: - | M96: 0 | N96: - | O96: 0 | P96: - | Q96: 0 | R96: - | S96: 0 | T96: - | U96: - | V96: - | W96: Centre for Medical Technologies (IDRP) | X96: IIT Jodhpur Permanent Campus, NH 62, Karwar | Y96: Jodhpur | Z96: Rajasthan | AA96: 342030 | AB96: Official Cohort Registry (IIT Jodhpur MedTech Portal)
A97: 6 | B97: M25IM1006 | C97: Kadiya Arth Pareshkumar | D97: Masters | E97: M.Tech in Medical Technology | F97: 2025 | G97: 2027 | H97: Active | I97: Medical Technology | J97: Faculty Board (IDRP / AIIMS-IIT Joint) | K97: m25im1006@iitj.ac.in | L97: - | M97: 0 | N97: - | O97: 0 | P97: - | Q97: 0 | R97: - | S97: 0 | T97: - | U97: - | V97: - | W97: Centre for Medical Technologies (IDRP) | X97: IIT Jodhpur Permanent Campus, NH 62, Karwar | Y97: Jodhpur | Z97: Rajasthan | AA97: 342030 | AB97: Official Cohort Registry (IIT Jodhpur MedTech Portal)
A98: 7 | B98: M25IM1007 | C98: Neil Lohit Bose | D98: Masters | E98: M.Tech in Medical Technology | F98: 2025 | G98: 2027 | H98: Active | I98: Medical Technology | J98: Faculty Board (IDRP / AIIMS-IIT Joint) | K98: m25im1007@iitj.ac.in | L98: - | M98: 0 | N98: - | O98: 0 | P98: - | Q98: 0 | R98: - | S98: 0 | T98: - | U98: - | V98: - | W98: Centre for Medical Technologies (IDRP) | X98: IIT Jodhpur Permanent Campus, NH 62, Karwar | Y98: Jodhpur | Z98: Rajasthan | AA98: 342030 | AB98: Official Cohort Registry (IIT Jodhpur MedTech Portal)
A99: 8 | B99: M25IM1008 | C99: Rahul Parmar | D99: Masters | E99: M.Tech in Medical Technology | F99: 2025 | G99: 2027 | H99: Active | I99: Medical Technology | J99: Faculty Board (IDRP / AIIMS-IIT Joint) | K99: m25im1008@iitj.ac.in | L99: - | M99: 0 | N99: - | O99: 0 | P99: - | Q99: 0 | R99: - | S99: 1 | T99: 1st position, iStart Rajasthan pitch | U99: - | V99: - | W99: Centre for Medical Technologies (IDRP) | X99: IIT Jodhpur Permanent Campus, NH 62, Karwar | Y99: Jodhpur | Z99: Rajasthan | AA99: 342030 | AB99: Official Cohort Registry (IIT Jodhpur MedTech Portal)
A100: 9 | B100: M25IM1009 | C100: Komal Meena | D100: Masters | E100: M.Tech in Medical Technology | F100: 2025 | G100: 2027 | H100: Active | I100: Medical Technology | J100: Faculty Board (IDRP / AIIMS-IIT Joint) | K100: m25im1009@iitj.ac.in | L100: - | M100: 0 | N100: - | O100: 0 | P100: - | Q100: 0 | R100: - | S100: 0 | T100: - | U100: - | V100: - | W100: Centre for Medical Technologies (IDRP) | X100: IIT Jodhpur Permanent Campus, NH 62, Karwar | Y100: Jodhpur | Z100: Rajasthan | AA100: 342030 | AB100: Official Cohort Registry (IIT Jodhpur MedTech Portal)
A101: 10 | B101: M25IM1010 | C101: Vijay Kumar | D101: Masters | E101: M.Tech in Medical Technology | F101: 2025 | G101: 2027 | H101: Active | I101: Medical Technology | J101: Faculty Board (IDRP / AIIMS-IIT Joint) | K101: m25im1010@iitj.ac.in | L101: - | M101: 0 | N101: - | O101: 0 | P101: - | Q101: 0 | R101: - | S101: 0 | T101: - | U101: - | V101: - | W101: Centre for Medical Technologies (IDRP) | X101: IIT Jodhpur Permanent Campus, NH 62, Karwar | Y101: Jodhpur | Z101: Rajasthan | AA101: 342030 | AB101: Official Cohort Registry (IIT Jodhpur MedTech Portal)
A102: 11 | B102: P25IM0001 | C102: Deepika Yadav | D102: PhD | E102: Ph.D. in Medical Technology | F102: 2025 | G102: 2030 | H102: Active | I102: Medical Technology | J102: Faculty Board (IDRP / AIIMS-IIT Joint) | K102: p25im0001@iitj.ac.in | L102: - | M102: 0 | N102: - | O102: 0 | P102: - | Q102: 0 | R102: - | S102: 0 | T102: - | U102: - | V102: - | W102: Centre for Medical Technologies (IDRP) | X102: IIT Jodhpur Permanent Campus, NH 62, Karwar | Y102: Jodhpur | Z102: Rajasthan | AA102: 342030 | AB102: Official Cohort Registry (IIT Jodhpur MedTech Portal)
A103: 12 | B103: P25IM0002 | C103: Prachi Chaudhary | D103: PhD | E103: Ph.D. in Medical Technology | F103: 2025 | G103: 2030 | H103: Active | I103: Medical Technology | J103: Faculty Board (IDRP / AIIMS-IIT Joint) | K103: p25im0002@iitj.ac.in | L103: - | M103: 0 | N103: - | O103: 0 | P103: - | Q103: 0 | R103: - | S103: 0 | T103: - | U103: - | V103: - | W103: Centre for Medical Technologies (IDRP) | X103: IIT Jodhpur Permanent Campus, NH 62, Karwar | Y103: Jodhpur | Z103: Rajasthan | AA103: 342030 | AB103: Official Cohort Registry (IIT Jodhpur MedTech Portal)
... A109: 18 | B109: D25IM1005 | C109: Mohammed Fahim C | D109: Dual Degree | E109: M.Tech-Ph.D. Dual Degree in Medical Technology | F109: 2025 | G109: 2030 | H109: Active | I109: Medical Technology | J109: Faculty Board (IDRP / AIIMS-IIT Joint) | K109: d25im1005@iitj.ac.in | L109: - | M109: 0 | N109: - | O109: 0 | P109: - | Q109: 0 | R109: - | S109: 0 | T109: - | U109: - | V109: - | W109: Centre for Medical Technologies (IDRP) | X109: IIT Jodhpur Permanent Campus, NH 62, Karwar | Y109: Jodhpur | Z109: Rajasthan | AA109: 342030 | AB109: Official Cohort Registry (IIT Jodhpur MedTech Portal)
A111: 🎓 ADMISSION COHORT 2026 — Total Scholars: 18 (Masters: 14 | Ph.D.: 4 | Dual Degree: 0)
A112: S.No. | B112: Roll Number | C112: Student Scholar Name | D112: Program Level | E112: Degree Program | F112: Cohort Year | G112: Graduation Year | H112: Academic Status | I112: Specialization & Research Focus | J112: Faculty Supervisor(s) (IIT & AIIMS) | K112: Institutional Email | L112: Contact Phone | M112: Publications (Count) | N112: Publication Venues & Papers | O112: Patents (Count) | P112: Patent Filings & Application Nos. | Q112: Startups (Count) | R112: Startup Ventures & Student Roles | S112: Awards (Count) | T112: Awards, Honors & Hackathon Wins | U112: Date of Birth | V112: Gender | W112: Department / Centre | X112: Campus / Residential Address | Y112: City | Z112: State | AA112: Pincode | AB112: Verification Source URL / Provenance
A113: 1 | B113: M26IM1001 | C113: Ankit Sharma | D113: Masters | E113: M.Tech in Medical Technology | F113: 2026 | G113: 2028 | H113: Active | I113: Medical Technology | J113: Faculty Board (IDRP / AIIMS-IIT Joint) | K113: m26im1001@iitj.ac.in | L113: - | M113: 0 | N113: - | O113: 0 | P113: - | Q113: 0 | R113: - | S113: 0 | T113: - | U113: - | V113: - | W113: Centre for Medical Technologies (IDRP) | X113: IIT Jodhpur Permanent Campus, NH 62, Karwar | Y113: Jodhpur | Z113: Rajasthan | AA113: 342030 | AB113: Official Cohort Registry (IIT Jodhpur MedTech Portal)
A114: 2 | B114: M26IM10010 | C114: Mrunal Sonawale | D114: Masters | E114: M.Tech in Medical Technology | F114: 2026 | G114: 2028 | H114: Active | I114: Medical Technology | J114: Faculty Board (IDRP / AIIMS-IIT Joint) | K114: m26im10010@iitj.ac.in | L114: - | M114: 0 | N114: - | O114: 0 | P114: - | Q114: 0 | R114: - | S114: 0 | T114: - | U114: - | V114: - | W114: Centre for Medical Technologies (IDRP) | X114: IIT Jodhpur Permanent Campus, NH 62, Karwar | Y114: Jodhpur | Z114: Rajasthan | AA114: 342030 | AB114: Official Cohort Registry (IIT Jodhpur MedTech Portal)
A115: 3 | B115: M26IM10011 | C115: Paras J Keyravan | D115: Masters | E115: M.Tech in Medical Technology | F115: 2026 | G115: 2028 | H115: Active | I115: Medical Technology | J115: Faculty Board (IDRP / AIIMS-IIT Joint) | K115: m26im10011@iitj.ac.in | L115: - | M115: 0 | N115: - | O115: 0 | P115: - | Q115: 0 | R115: - | S115: 1 | T115: 1st position, iStart Rajasthan pitch | U115: - | V115: - | W115: Centre for Medical Technologies (IDRP) | X115: IIT Jodhpur Permanent Campus, NH 62, Karwar | Y115: Jodhpur | Z115: Rajasthan | AA115: 342030 | AB115: Official Cohort Registry (IIT Jodhpur MedTech Portal)
A116: 4 | B116: M26IM10012 | C116: Siddhant Dinesh Shenvi | D116: Masters | E116: M.Tech in Medical Technology | F116: 2026 | G116: 2028 | H116: Active | I116: Medical Technology | J116: Faculty Board (IDRP / AIIMS-IIT Joint) | K116: m26im10012@iitj.ac.in | L116: - | M116: 0 | N116: - | O116: 0 | P116: - | Q116: 0 | R116: - | S116: 0 | T116: - | U116: - | V116: - | W116: Centre for Medical Technologies (IDRP) | X116: IIT Jodhpur Permanent Campus, NH 62, Karwar | Y116: Jodhpur | Z116: Rajasthan | AA116: 342030 | AB116: Official Cohort Registry (IIT Jodhpur MedTech Portal)
A117: 5 | B117: M26IM10013 | C117: Swajal Jain | D117: Masters | E117: M.Tech in Medical Technology | F117: 2026 | G117: 2028 | H117: Active | I117: Medical Technology | J117: Faculty Board (IDRP / AIIMS-IIT Joint) | K117: m26im10013@iitj.ac.in | L117: - | M117: 0 | N117: - | O117: 0 | P117: - | Q117: 0 | R117: - | S117: 0 | T117: - | U117: - | V117: - | W117: Centre for Medical Technologies (IDRP) | X117: IIT Jodhpur Permanent Campus, NH 62, Karwar | Y117: Jodhpur | Z117: Rajasthan | AA117: 342030 | AB117: Official Cohort Registry (IIT Jodhpur MedTech Portal)
A118: 6 | B118: M26IM10014 | C118: Taqsh Singh Chopra | D118: Masters | E118: M.Tech in Medical Technology | F118: 2026 | G118: 2028 | H118: Active | I118: Medical Technology | J118: Faculty Board (IDRP / AIIMS-IIT Joint) | K118: m26im10014@iitj.ac.in | L118: - | M118: 0 | N118: - | O118: 0 | P118: - | Q118: 0 | R118: - | S118: 0 | T118: - | U118: - | V118: - | W118: Centre for Medical Technologies (IDRP) | X118: IIT Jodhpur Permanent Campus, NH 62, Karwar | Y118: Jodhpur | Z118: Rajasthan | AA118: 342030 | AB118: Official Cohort Registry (IIT Jodhpur MedTech Portal)
A119: 7 | B119: M26IM1002 | C119: Anushka Sharma | D119: Masters | E119: M.Tech in Medical Technology | F119: 2026 | G119: 2028 | H119: Active | I119: Medical Technology | J119: Faculty Board (IDRP / AIIMS-IIT Joint) | K119: m26im1002@iitj.ac.in | L119: - | M119: 0 | N119: - | O119: 0 | P119: - | Q119: 0 | R119: - | S119: 0 | T119: - | U119: - | V119: - | W119: Centre for Medical Technologies (IDRP) | X119: IIT Jodhpur Permanent Campus, NH 62, Karwar | Y119: Jodhpur | Z119: Rajasthan | AA119: 342030 | AB119: Official Cohort Registry (IIT Jodhpur MedTech Portal)
A120: 8 | B120: M26IM1003 | C120: Ayush Kumar Mishra | D120: Masters | E120: M.Tech in Medical Technology | F120: 2026 | G120: 2028 | H120: Active | I120: Medical Technology | J120: Faculty Board (IDRP / AIIMS-IIT Joint) | K120: m26im1003@iitj.ac.in | L120: - | M120: 0 | N120: - | O120: 0 | P120: - | Q120: 0 | R120: - | S120: 0 | T120: - | U120: - | V120: - | W120: Centre for Medical Technologies (IDRP) | X120: IIT Jodhpur Permanent Campus, NH 62, Karwar | Y120: Jodhpur | Z120: Rajasthan | AA120: 342030 | AB120: Official Cohort Registry (IIT Jodhpur MedTech Portal)
A121: 9 | B121: M26IM1004 | C121: Chaudhari Pratik Deepak | D121: Masters | E121: M.Tech in Medical Technology | F121: 2026 | G121: 2028 | H121: Active | I121: Medical Technology | J121: Faculty Board (IDRP / AIIMS-IIT Joint) | K121: m26im1004@iitj.ac.in | L121: - | M121: 0 | N121: - | O121: 0 | P121: - | Q121: 0 | R121: - | S121: 0 | T121: - | U121: - | V121: - | W121: Centre for Medical Technologies (IDRP) | X121: IIT Jodhpur Permanent Campus, NH 62, Karwar | Y121: Jodhpur | Z121: Rajasthan | AA121: 342030 | AB121: Official Cohort Registry (IIT Jodhpur MedTech Portal)
A122: 10 | B122: M26IM1005 | C122: Eshitaa Panwar | D122: Masters | E122: M.Tech in Medical Technology | F122: 2026 | G122: 2028 | H122: Active | I122: Medical Technology | J122: Faculty Board (IDRP / AIIMS-IIT Joint) | K122: m26im1005@iitj.ac.in | L122: - | M122: 0 | N122: - | O122: 0 | P122: - | Q122: 0 | R122: - | S122: 0 | T122: - | U122: - | V122: - | W122: Centre for Medical Technologies (IDRP) | X122: IIT Jodhpur Permanent Campus, NH 62, Karwar | Y122: Jodhpur | Z122: Rajasthan | AA122: 342030 | AB122: Official Cohort Registry (IIT Jodhpur MedTech Portal)
A123: 11 | B123: M26IM1006 | C123: Kishore V | D123: Masters | E123: M.Tech in Medical Technology | F123: 2026 | G123: 2028 | H123: Active | I123: Medical Technology | J123: Faculty Board (IDRP / AIIMS-IIT Joint) | K123: m26im1006@iitj.ac.in | L123: - | M123: 0 | N123: - | O123: 0 | P123: - | Q123: 0 | R123: - | S123: 0 | T123: - | U123: - | V123: - | W123: Centre for Medical Technologies (IDRP) | X123: IIT Jodhpur Permanent Campus, NH 62, Karwar | Y123: Jodhpur | Z123: Rajasthan | AA123: 342030 | AB123: Official Cohort Registry (IIT Jodhpur MedTech Portal)
A124: 12 | B124: M26IM1007 | C124: Mahendra Bishnoi | D124: Masters | E124: M.Tech in Medical Technology | F124: 2026 | G124: 2028 | H124: Active | I124: Medical Technology | J124: Faculty Board (IDRP / AIIMS-IIT Joint) | K124: m26im1007@iitj.ac.in | L124: - | M124: 0 | N124: - | O124: 0 | P124: - | Q124: 0 | R124: - | S124: 0 | T124: - | U124: - | V124: - | W124: Centre for Medical Technologies (IDRP) | X124: IIT Jodhpur Permanent Campus, NH 62, Karwar | Y124: Jodhpur | Z124: Rajasthan | AA124: 342030 | AB124: Official Cohort Registry (IIT Jodhpur MedTech Portal)
... A130: 18 | B130: P26IM0004 | C130: Saurabh Yadav | D130: PhD | E130: Ph.D. in Medical Technology | F130: 2026 | G130: 2031 | H130: Active | I130: Medical Technology | J130: Faculty Board (IDRP / AIIMS-IIT Joint) | K130: p26im0004@iitj.ac.in | L130: - | M130: 0 | N130: - | O130: 0 | P130: - | Q130: 0 | R130: - | S130: 0 | T130: - | U130: - | V130: - | W130: Centre for Medical Technologies (IDRP) | X130: IIT Jodhpur Permanent Campus, NH 62, Karwar | Y130: Jodhpur | Z130: Rajasthan | AA130: 342030 | AB130: Official Cohort Registry (IIT Jodhpur MedTech Portal)

Sheet IP & Entrepreneurship
A1: CENTRE FOR MEDICAL TECHNOLOGIES (IDRP) | IIT JODHPUR & AIIMS JODHPUR
A2: Student-Led Innovation Directory: Patents, Incubated Startups, Research Publications & National Awards
A4: S.No. | B4: Roll Number | C4: Student Scholar Name | D4: Program & Cohort | E4: Patents Filed / Granted | F4: Incubated Startup Ventures | G4: Scholarly Publications & Venues | H4: Awards & Recognitions | I4: Faculty Mentors & Supervisors
A5: 1 | B5: P21ID006 | C5: Umme Abiha | D5: PhD (2021) | E5: App #202411028352: Monitoring Neonatal Bilirubin Levels (Published) | App 202411028352: Monitoring Neonatal Bilirubin Levels | F5: - | G5: 5 Journals, 0 Conferences, 9 Books. Venues: Journals: Frontiers in Pediatrics, Medical Engineering & Physics, Medicina. Book Chapters: Elsevier., CRC Press, Springer Nature, Taylor & Francis, Research Square, Authorea (First Author) | Paper: "Non-Invasive Optical Transcutaneous Bilirubin Estimation in Neonatal Intensive Care" | H5: Young Researcher Award ; Best Oral Presentation Award, Health Science | I5: Dr. Dip Sankar Banerjee (IIT Jodhpur) & Dr. Saptarshi Mandal (AIIMS Jodhpur)
A6: 2 | B6: P20SH004 | C6: Ritesh Mishra | D6: PhD (2020) | E6: - | F6: - | G6: 6 Journals, 1 Conferences, 1 Books. Venues: 1. Food Control 2. RSC Sustainable Food Technology 3. Irrigation Science 4. Postharvest Biology and Technology 5. Reviews of Modern Plasma Physics 6. Radiation Effects and Defects in Solids (First Author) | H6: - | I6: Faculty Board (IDRP / School of Health)
A7: 3 | B7: D20ID004 | C7: Misaal Khan | D7: Dual Degree (2020) | E7: App #202511127461: System and Method for Assisting Malnutrition Assessment Using Graph Neural Networks (Published) | Apps 202411076128, 202511127461: AI Pediatric Nutritional Assessment System | F7: NutriAI HealthTech Solutions (Student Co-Founder & CTO, Pre-Incubatee) | NutriAI HealthTech Solutions (Student Co-Founder & CTO) | G7: 1 Journals, 4 Conferences, 1 Books. Venues: 1 . Frontiers in Public Health 2. IJCAI 2023 3. MICCAI 2024 4. AAAI 2026 5. WACV 2026 No book chapter (First Author) | Paper: "AI-Assisted Malnutrition and Pediatric Growth Deficit Assessment in Rural Cohorts: A Field-Validated Study" | Paper: "Deep Multi-View Graph Learning for Pediatric Anthropometry and Health Indices Prediction" | Paper: "Cross-Modality Contrastive Representation for 3D Pediatric Anthropometry from Single RGB-D Feeds" | Paper: "Generative Clinical Graph Networks for Undernutrition Surveillance in Low-Resource Primary Care" | Paper: "Self-Supervised Anatomical Landmark Estimation for Point-of-Care Child Stunting Diagnosis" | H7: Prime Minister's Research Fellowship (PMRF) 2022 | I7: Prof. Richa Singh (IIT Jodhpur), Prof. Mayank Vatsa (IIT Jodhpur) & Dr. Kuldeep Singh (AIIMS Jodhpur)
A8: 4 | B8: D20ID008 | C8: Sarmistha Mazumder | D8: Dual Degree (2020) | E8: App #202511113643: Near Infrared Light Activatable Biomimetic Drug Delivery System for Targeted Phototherapy (Filed) | App 202511113643: Near Infrared Light Activatable Biomimetic Phototherapy System | F8: - | G8: 5 Journals, 0 Conferences, 2 Books. Venues: Frontiers in Chemistry, RSC advances, ACS ES&T Water, Chemistry- An Asian Journal, ACS Applied Nanomaterials Elsevier (Book chapters) (First Author) | Paper: "Near-Infrared Light-Triggered Nanoplatform for Targeted Tumor Photothermal Ablation" | H8: - | I8: Dr. Raviraj Vankayala (IIT Jodhpur)
A9: 5 | B9: P20ID004 | C9: Gajendra Singh | D9: PhD (2020) | E9: App #202211077085: System and Method for Robot Assisted Echocardiography (Published) | App #202411058458: System for Multimodal Data Acquisition and Synchronization and Method Thereof (Published) | Apps 202211077085, 202411058458, 202511040403: Robot Assisted Echocardiography & Multimodal Data Sync | F9: Visionence Tech Pvt. Ltd. (Co-Founder, Incubated) | Visionence Tech Pvt. Ltd. (Director & Co-Founder) | G9: 1 Journals, 2 Conferences, 0 Books. Venues: 1. IEEE Sensor Letters 2. ASMUS MICCAI 2025 3. IEEE SAUS 2024 (First Author) | Paper: "Deep Learning-Driven Multimodal Synchronization for Probe-Navigated Echocardiography" | Paper: "ASMUS: Real-Time Point-of-Care Ultrasound Guidance via Multitask Acoustic Transformer" | Paper: "Acoustic Signal Processing and Robot Teleoperation for Pediatric Cardiac Ultrasound" | H9: Patent granted | I9: Dr. Deepak Mishra (IIT Jodhpur) & Dr. Pushpinder Khera (AIIMS Jodhpur)
A10: 6 | B10: P20SH002 | C10: Netra Kirankumar Hiremath | D10: PhD (2020) | E10: - | F10: - | G10: 6 Journals, 0 Conferences, 0 Books. Venues: 1. ACS Applied Nano Materials (2 publications) 2. Biomaterials Science (2 publications) 3. Nanoscale 4. ChemMedChem (Co-Author) | H10: - | I10: Faculty Board (IDRP / School of Health)
A11: 7 | B11: P20SH003 | C11: Nikhil Vadera | D11: PhD (2020) | E11: - | F11: - | G11: 3 Journals, 2 Conferences, 0 Books. Venues: 1. Microchemical Journal 2. ACS Sensors Journal 3. IEEE Sensors Letters Journal 4. IEEE APSCON Conference 5. IEEE Sensors Conference (First Author) | H11: - | I11: Faculty Board (IDRP / School of Health)
A12: 8 | B12: M24IM1005 | C12: Ritika Jajoriya | D12: Masters (2024) | E12: - | F12: - | G12: 1 Journals, 2 Conferences, 1 Books. Venues: 1.IEEE xplore (IEEE NANOMED Conference 2025) ; 1.IEEE xplore (IEEE NANOMED CONFERENCE 2025) (Co-Author) | Paper: "Electrochemical Micro-Immuno Sensor for Ultra-Low Concentration Clinical Biomarker Quantification" | H12: - | I12: Dr. Ankur Gupta (IIT Jodhpur)
A13: 9 | B13: IDRPSHC006 | C13: Ramkamal samat | D13: PhD (2021) | E13: - | F13: - | G13: 4 Journals, 0 Conferences, 0 Books. Venues: Acs infectious disease, Journal of Medicinal chemistry (First Author) | H13: - | I13: Faculty Board (IDRP / School of Health)
A14: 10 | B14: D21ID006 | C14: Katyayanee Sharma | D14: Dual Degree (2021) | E14: App 202411033887: Device for Reshaping Cartilage | F14: - | G14: 1 Journals, 1 Conferences, 1 Books. Venues: 1. Conference- MNDCS 2024 2. Chapter- Lecture Notes in Electrical Engineering, vol 1382. Springer 3. Chapter- IEEE Biosensors (under review) (First Author) | Paper: "Ultra-Low Power CMOS Transceiver for Implantable Bio-Telemetry Sensors" | H14: MSME Idea Hackathon 4.0 grants | I14: Prof. Ajay Agarwal (IIT Jodhpur)
A15: 11 | B15: D20ID003 | C15: Justy N Francis | D15: Dual Degree (2020) | E15: App #202511040294: An Osteogenic-Angiogenic Composition and Implementations Thereof (Filed) | App 202511040294: Osteogenic-Angiogenic Implant Composition | F15: - | G15: 3 Journals, 0 Conferences, 0 Books. Venues: Polymer Composites, Materials Chemistry and Physics (First Author) | Paper: "Bioactive Polymeric Composites for Craniofacial Fracture Fixation and Guided Tissue Regeneration" | H15: - | I15: Dr. Jaiveer Singh (IIT Jodhpur) & Dr. Ankita Chugh (AIIMS Jodhpur)
A16: 12 | B16: P24IHC001 | C16: Ananta Kapoor | D16: PhD (2024) | E16: - | F16: - | G16: 0 Journals, 2 Conferences, 0 Books. Venues: EMBL Heidelberg AI and Biology poster presentation, FENS Denmark Brain Conference (First Author) | H16: - | I16: Dr. Romi Banerjee (IIT Jodhpur) & Prof. Surajit Ghosh (IIT Jodhpur)
... A40: 36 | B40: D21ID005 | C40: Sayak Sarkar | D40: Dual Degree (2021) | E40: - | F40: - | G40: - | H40: First patent ; TechEx Technology Transfer Hub funding | I40: Faculty Board (IDRP / AIIMS-IIT Joint)
