Workbook

Sheet Executive Summary
A1: CENTRE FOR MEDICAL TECHNOLOGIES (IDRP) | IIT JODHPUR & AIIMS JODHPUR
A2: Institutional Portfolio Master Dashboard: Patents, Publications, Startups & Innovation Ecosystem
B4: TOTAL PATENTS FILED | D4: GRANTED PATENTS | F4: STARTUP VENTURES | H4: SCHOLARLY PAPERS | J4: ACTIVE INVENTORS
B5: =COUNTA('Patents & IPR'!B6:B33) -> 28 | D5: =COUNTIF('Patents & IPR'!L6:L33, "Granted") -> 4 | F5: =COUNTA('Startups & Incubation'!B6:B15) -> 10 | H5: =SUMIF('Student Publications'!L6:L22, "Active / Latest Record", 'Student Publications'!H6:H22) -> 64 | J5: =COUNTA('People & Directory'!B6:B31) -> 26
B6: 28 Total Filings (27 Unique Inventions) | D6: 4 Unique Patents Granted (15% Success Rate) | F6: 10 Incubation Companies (7 Inc, 3 Pre) | H6: 64 Net Verified Papers (16 Scholars) | J6: Multidisciplinary IITJ & AIIMS Leaders
B8: 1. PATENT PORTFOLIO BREAKDOWN BY STATUS | G8: 2. STARTUPS & SCHOLARLY OUTPUT METRICS
B9: Status Category | C9: Patent Office Stage | D9: Count | E9: % Share | G9: Category / Indicator | H9: Metric Description | I9: Volume | J9: Target / Baseline | K9: Status Tag
B10: Granted (Unique Patents) | C10: Final Indian Patent Granted | D10: =COUNTIF('Patents & IPR'!L6:L33, "Granted") -> 4 | E10: =D10/D17 -> 0.14285714 | G10: Incubated Companies | H10: Full Formal Incubation Agreement | I10: =COUNTIF('Startups & Incubation'!C6:C15, "Incubated") -> 7 | J10: 70.0% | K10: Active Stage
B11: Under Examination (FER) | C11: First Examination Report Issued | D11: =COUNTIF('Patents & IPR'!L6:L33, "Under Examination (FER)") -> 7 | E11: =D11/D17 -> 0.25 | G11: Pre-Incubatee Ventures | H11: Early Stage Prototyping / Evaluation | I11: =COUNTIF('Startups & Incubation'!C6:C15, "Pre-Incubatee") -> 3 | J11: 30.0% | K11: Pipeline
B12: Under Amended Examination | C12: Response Filed / In Amended Examination | D12: =COUNTIF('Patents & IPR'!L6:L33, "Under Amended Examination") -> 3 | E12: =D12/D17 -> 0.10714286 | G12: Faculty-Led / Mentored | H12: Ventures with IITJ/AIIMS Directors & Mentors | I12: 9 | J12: 90.0% | K12: Institutional
B13: Awaiting First Action (CS) | C13: Commercialization / Search in Progress | D13: =COUNTIF('Patents & IPR'!L6:L33, "Awaiting CS (First Action)") -> 3 | E13: =D13/D17 -> 0.10714286 | G13: Peer-Reviewed Journals | H13: Verified Scholar Journal Articles | I13: 35 | J13: 35 Papers | K13: High Impact
B14: Published / Awaiting FER | C14: Officially Published in Patent Journal | D14: =COUNTIF('Patents & IPR'!L6:L33, "Published") + COUNTIF('Patents & IPR'!L6:L33, "Awaiting FER") + COUNTIF('Patents & IPR'!L6:L33, "Awaiting Publication*") -> 7 | E14: =D14/D17 -> 0.25 | G14: Conference Proceedings | H14: International & National Conferences | I14: 15 | J14: 15 Papers | K14: Global Venues
B15: Provisional / Design Filed | C15: Provisional / Class 24-01 Design / Filed | D15: =COUNTIF('Patents & IPR'!L6:L33, "Provisional Filed") + COUNTIF('Patents & IPR'!L6:L33, "*Design*") + COUNTIF('Patents & IPR'!L6:L33, "Application Filed") -> 3 | E15: =D15/D17 -> 0.10714286 | G15: Scholarly Book Chapters | H15: Springer, Elsevier, CRC Press, Taylor & Francis | I15: 14 | J15: 14 Chapters | K15: Curated Reference
B16: Duplicate Entry Update | C16: Resolved / Updated Entry (S.No 12 & 27) | D16: =COUNTIF('Patents & IPR'!L6:L33, "*Duplicate*") -> 1 | E16: =D16/D17 -> 0.035714286 | G16: Total Scholarly Output | H16: Net Verified Publications (16 Scholars) | I16: 64 | J16: 64 Total | K16: Validated Output
B17: Total Patent Filings | C17: Complete & Design Applications | D17: =SUM(D10:D16) -> 28 | E17: =SUM(E10:E16) -> 1 | G17: Total Ecosystem Output | H17: Consolidated Innovations, Ventures & Publications | I17: =I10+I11+I16 -> 74 | J17: 74+ Total | K17: Validated
B19: 3. WORKBOOK STRUCTURE & SHEET DIRECTORY FOR BROCHURE / REPORTING
B20: Sheet Name | C20: Scope & Contents | F20: Record Volume | G20: Key Applications / Use Cases
B21: All Data Master | C21: Comprehensive unified flat sheet containing all 55 records (Patents, Publications, Startups) with harmonized schema | F21: 55 Rows | G21: One-stop filtering, pivot tables, database import, brochure data-merge
B22: Patents & IPR | C22: Cleaned, standardized patent filings with filing/pub/grant dates, tech domains, inventors, and startup links | F22: 28 Rows (27 Unique) | G22: Institutional IPR tracking, NIRF / NAAC reports, patent wall in brochure
B23: Student Publications | C23: Student research outputs with journal/conference breakdown, calculated paper totals, and publisher venues | F23: 17 Rows (16 Students) | G23: Student achievements brochure page, academic audit, research highlights
B24: Startups & Incubation | C24: Incubated and pre-incubatee MedTech enterprises, founders, technology descriptions, faculty mentors, and agreement dates | F24: 10 Startups | G24: Entrepreneurship spotlight, incubation portfolio showcase, investor deck
B25: People & Directory | C25: Cross-cutting matrix linking faculty members, research scholars, and founders across all their patents, ventures, and papers | F25: 26 Key Researchers | G25: Faculty profile highlights, student alumni spotlight, research group mapping

Sheet All Data Master
A1: CENTRE FOR MEDICAL TECHNOLOGIES (IDRP) - CONSOLIDATED MASTER DATASET
A2: Unified Cross-Functional Register: Patents, Student Publications & Incubation Ventures (Single Unified Table)
A5: Master ID | B5: Category | C5: Sub-Category | D5: Title / Venture / Portfolio Name | E5: Technology / Innovation / Venue Details | F5: Lead Innovator / Student / Founder | G5: Faculty Mentors / Investigators | H5: Department / Institutions | I5: Official Ref / ID | J5: Record Date | K5: Current Status / Stage | L5: Output Metric / Detail | M5: Cross-Reference / Remarks
A6: PAT-001 | B6: Patent / IPR | C6: Complete Patent Application | D6: A Cost Effective and User Friendly System to Irrigate Root Canal Under Apical Negative Pressure | E6: Domain: Dental & Endodontics | Endodontic apical negative pressure irrigation system; foundation for startup NxGen Healtech | F6: Dr. Anup Kakwani (Masters MMT Scholar) | G6: Dr. Pravin Kumar (Dentistry, AIIMSJ), Dr. Jaiveer Singh (MME, IITJ) | H6: IIT Jodhpur & AIIMS Jodhpur | I6: 202211041593 | J6: 44762 | K6: Application Filed | L6: Filing Confirmed | M6: Linked Startup: NxGen Healtech Pvt. Ltd. (iVac-Endo) | Office Status: nan
A7: PAT-002 | B7: Patent / IPR | C7: Complete Patent Application | D7: Pressure Ulcers or Bed Sores Preventing Air Bubble Based Mattress | E7: Domain: Assistive Devices & Critical Care | Automated pressure redistribution mattress for ICU and bedridden patients; linked to ShilpinMed | F7: Mr. Mitanshu Sharma (PhD Scholar, IDRP) | G7: Dr. Shobhana Singh (ME, IITJ), Dr. Nikhil Kothari (AIIMSJ) | H7: IIT Jodhpur & AIIMS Jodhpur | I7: 202211060577 | J7: 44856 | K7: Published | L7: Published: 2024-04-26 | M7: Linked Startup: ShilpinMed Technologies Pvt. Ltd. | Office Status: nan
A8: PAT-003 | B8: Patent / IPR | C8: Complete Patent Application | D8: System and Method for Robot Assisted Echocardiography | E8: Domain: Medical Robotics & AI Diagnostics | Robotic cardiac ultrasound acquisition; joint research across CSE, ME, Radiology & Cardiology | F8: Gajendra Singh (PhD Scholar, Joint IDRP) | G8: Dr. Deepak Mishra (CSE, IITJ), Dr. Jayant Kumar Mohanta (ME, IITJ), Dr. Rahul Choudhary (AIIMSJ), Dr. Pushpinder Khera (AIIMSJ), Dr. Rengarajan Rajagopal (AIIMSJ) | H8: IIT Jodhpur & AIIMS Jodhpur | I8: 202211077085 | J8: 44925 | K8: Published | L8: Published: 2025-01-03 | M8: Linked Startup: Visionence Tech Pvt. Ltd. | Office Status: nan
A9: PAT-004 | B9: Patent / IPR | C9: Complete Patent Application | D9: Monitoring Neonatal Bilirubin Levels | E9: Domain: Neonatal Care & Screening | Non-invasive point-of-care optical / transcutaneous neonatal jaundice & bilirubin diagnostic system | F9: Umme Abiha & Harsh Saxena (IITJ) | G9: Dr. Saptarshi Mandal (AIIMSJ), Dr. Dip Sankar Banerjee (IITJ) | H9: IIT Jodhpur & AIIMS Jodhpur | I9: 202411028352 | J9: 45509 | K9: Under Examination (FER) | L9: Published: 2025-08-29 | M9: Linked Startup: - | Office Status: FER
A10: PAT-005 | B10: Patent / IPR | C10: Provisional Patent Application | D10: A Device for Reshaping a Cartilage | E10: Domain: ENT & Surgical Devices | Electromechanical cartilage reshaping device for reconstructive ENT surgery; incubated at Caldor | F10: Harisharan R & Katyayanee Sharma (IITJ) | G10: Prof. Ajay Agarwal (EE, IITJ), Dr. Amit Goyal (ENT, AIIMSJ) | H10: IIT Jodhpur & AIIMS Jodhpur | I10: 202411033887 | J10: 45411 | K10: Provisional Filed | L10: Filing Confirmed | M10: Linked Startup: Caldor Health Technologies Pvt. Ltd. | Office Status: Only provisional
A11: PAT-006 | B11: Patent / IPR | C11: Complete Patent Application | D11: System for Multimodal Data Acquisition and Synchronization and Method Thereof | E11: Domain: Medical Imaging & Synchronization | Synchronized cardiovascular multi-sensor data capture for surgical guidance and telemetry | F11: Gajendra Singh (PhD Scholar, Joint IDRP) | G11: Dr. Deepak Mishra (IITJ), Dr. Jayant Kumar Mohanta (IITJ), Dr. Rahul Choudhary (AIIMSJ), Dr. Pushpinder Singh Khera (AIIMSJ), Dr. Rengarajan Rajagopal (AIIMSJ), Dr. Alok Kumar Sharma (AIIMSJ) | H11: IIT Jodhpur & AIIMS Jodhpur | I11: 202411058458 | J11: 45505 | K11: Awaiting Publication | L11: Filing Confirmed | M11: Linked Startup: Visionence Tech Pvt. Ltd. | Office Status: awaiting publication
A12: PAT-007 | B12: Patent / IPR | C12: Complete Patent Application | D12: System and Method for Children's Nutritional Status Assessment | E12: Domain: Pediatric Diagnostics & AI | Computer vision and deep learning framework for pediatric malnutrition screening | F12: Misaal Khan (AIIMSJ / Joint IDRP) | G12: Dr. Mayank Vatsa (CSE, IITJ), Dr. Richa Singh (CSE, IITJ), Dr. Kuldeep Singh (Pediatrics, AIIMSJ) | H12: IIT Jodhpur & AIIMS Jodhpur | I12: 202411076128 | J12: 45573 | K12: Under Examination (FER) | L12: Published: 2025-12-05 | M12: Linked Startup: - | Office Status: FER
A13: PAT-008 | B13: Patent / IPR | C13: Complete Patent Application | D13: Quadruple High-Performance Modular Bioink for 3D Bioprinting and Allied Applications | E13: Domain: 3D Bioprinting & Biomaterials | Novel biomaterial formulation for non-animal drug screening; core IP for startup Cellverse | F13: Dr. Kanika Singroha (PhD Scholar, MedTech) | G13: Dr. Indranil Banerjee (BSBE, IITJ), Dr. Shilpi Gupta Dixit (Anatomy, AIIMSJ) | H13: IIT Jodhpur & AIIMS Jodhpur | I13: 202511037139 | J13: 45764 | K13: Under Examination (FER) | L13: Published: 2025-05-09 | M13: Linked Startup: Cellverse Pvt. Ltd. | Office Status: FER
A14: PAT-009 | B14: Patent / IPR | C14: Complete Patent Application | D14: Cell Suspensor Cum Bioink Homogenizer | E14: Domain: Biomedical Instrumentation | Hardware apparatus ensuring cellular viability and uniform distribution during bioprinting | F14: Dr. Kanika Singroha (PhD Scholar, MedTech) | G14: Dr. Indranil Banerjee (BSBE, IITJ), Dr. Shilpi Gupta Dixit (Anatomy, AIIMSJ) | H14: IIT Jodhpur & AIIMS Jodhpur | I14: 202511037986 | J14: 45768 | K14: Under Examination (FER) | L14: Published: 2025-05-09 | M14: Linked Startup: Cellverse Pvt. Ltd. | Office Status: FER
A15: PAT-010 | B15: Patent / IPR | C15: Complete Patent Application | D15: An Osteogenic-Angiogenic Composition and Implementations Thereof | E15: Domain: Regenerative Medicine & Implants | Composite biomatrix promoting vascularization and rapid bone repair in craniofacial reconstruction | F15: Justy N Francis (PhD Scholar, IDRP) | G15: Dr. Jaiveer Singh (MME, IITJ), Dr. Indranil Banerjee (BSBE, IITJ), Dr. Ankita Chugh (Dentistry, AIIMSJ) | H15: IIT Jodhpur & AIIMS Jodhpur | I15: 202511040294 | J15: 45772 | K15: Under Examination (FER) | L15: Published: 2025-05-16 | M15: Linked Startup: - | Office Status: FER
A16: PAT-011 | B16: Patent / IPR | C16: Complete Patent Application | D16: Interactive Medical Imaging Simulator with Dynamic Data Integration for Ultrasound Training | E16: Domain: Medical Simulation & Training | Virtual ultrasound simulation system integrating clinical ultrasound datasets for hands-on medical training | F16: Gajendra Singh (PhD Scholar, Joint IDRP) | G16: Dr. Deepak Mishra (CSE, IITJ), Dr. Rahul Choudhary (AIIMSJ), Dr. Pushpinder Singh Khera (AIIMSJ) | H16: IIT Jodhpur & AIIMS Jodhpur | I16: 202511040403 | J16: 45773 | K16: Awaiting CS (First Action) | L16: Filing Confirmed | M16: Linked Startup: Visionence Tech Pvt. Ltd. | Office Status: Awaiting CS
A17: PAT-012 | B17: Patent / IPR | C17: Complete Patent Application | D17: Enzyme-Free Colorimetric Glucose Biosensing via Transition Metal Dichalcogenides (TMD) Nanomaterial | E17: Domain: Point-of-Care Biosensors | GRANTED PATENT (15-Dec-2025). High-stability non-enzymatic optical glucose sensor. (Updated entry at S.No 27) | F17: Saloni Singhal (Student, MedTech) | G17: Dr. Ankur Gupta (ME, IITJ), Dr. Saptarshi Mandal (AIIMSJ) | H17: IIT Jodhpur & AIIMS Jodhpur | I17: 202511041154 | J17: 45776 | K17: Granted (Duplicate Entry S.No 27) | L17: Granted: 2025-12-15 | M17: Linked Startup: - | Office Status: FER (Granted)
... A60: STU-010 | B60: Startup / Venture | C60: Pre-Incubatee Enterprise | D60: ShilpinMed Technologies Pvt. Ltd. | E60: Mattress Based Hygiene Management System (Bed Sore Prevention) - Smart sensor-actuated hospital mattress platform preventing decubitus ulcers and automating inpatient pressure relief | F60: Ajmal Jaleel, Ashifa A, Dr. Jayant Kumar Mohanta | G60: Dr. Jayant Kumar Mohanta | H60: Centre for Technology Business Incubation (TBI) / IDRP MedTech | I60: TBI-AGR-202402-10 | J60: 45329 | K60: Pre-Incubatee | L60: Faculty Role: Mentor | M60: Patents: Patent App 202211060577 | Focus: Smart Hospital Furniture & Assistive Tech | Student Lead: Ajmal Jaleel & Ashifa A

Sheet Patents & IPR
A1: CENTRE FOR MEDICAL TECHNOLOGIES (IDRP) - INTELLECTUAL PROPERTY & PATENT REGISTRY
A2: Official Indian Patent Applications, Class 24-01 Designs & Grant Records (28 Filings / 27 Unique Inventions)
A5: S.No. | B5: Application No. | C5: Invention / Patent Title | D5: Technology Domain | E5: Lead Inventor / Student | F5: IIT Jodhpur & AIIMS Faculty | G5: All Inventors (Official Record) | H5: Date of Filing | I5: Publication Date | J5: Grant Date | K5: Official Status | L5: Standardized Status | M5: Commercialization / Linked Startup | N5: Status Notes & Remarks
A6: 1 | B6: 202211041593 | C6: A Cost Effective and User Friendly System to Irrigate Root Canal Under Apical Negative Pressure | D6: Dental & Endodontics | E6: Dr. Anup Kakwani (Masters MMT Scholar) | F6: Dr. Pravin Kumar (Dentistry, AIIMSJ), Dr. Jaiveer Singh (MME, IITJ) | G6: Dr. Anup Kakwani, Dr. Pravin Kumar, Dr. Jaiveer Singh | H6: 44762 | I6: Pending | J6: - | K6: nan | L6: Application Filed | M6: NxGen Healtech Pvt. Ltd. (iVac-Endo) | N6: Endodontic apical negative pressure irrigation system; foundation for startup NxGen Healtech
A7: 2 | B7: 202211060577 | C7: Pressure Ulcers or Bed Sores Preventing Air Bubble Based Mattress | D7: Assistive Devices & Critical Care | E7: Mr. Mitanshu Sharma (PhD Scholar, IDRP) | F7: Dr. Shobhana Singh (ME, IITJ), Dr. Nikhil Kothari (AIIMSJ) | G7: Prof. Shobhana Singh, Dr. Nikhil Kothari, Mr. Mitanshu Sharma | H7: 44856 | I7: 45408 | J7: - | K7: nan | L7: Published | M7: ShilpinMed Technologies Pvt. Ltd. | N7: Automated pressure redistribution mattress for ICU and bedridden patients; linked to ShilpinMed
A8: 3 | B8: 202211077085 | C8: System and Method for Robot Assisted Echocardiography | D8: Medical Robotics & AI Diagnostics | E8: Gajendra Singh (PhD Scholar, Joint IDRP) | F8: Dr. Deepak Mishra (CSE, IITJ), Dr. Jayant Kumar Mohanta (ME, IITJ), Dr. Rahul Choudhary (AIIMSJ), Dr. Pushpinder Khera (AIIMSJ), Dr. Rengarajan Rajagopal (AIIMSJ) | G8: Gajendra Singh, Dr. Deepak Mishra, Dr. Rahul Choudhary, Dr. Jayant Kumar Mohanta, Dr. Pushpinder Khera, Dr. Rengarajan Rajagopal | H8: 44925 | I8: 45660 | J8: - | K8: nan | L8: Published | M8: Visionence Tech Pvt. Ltd. | N8: Robotic cardiac ultrasound acquisition; joint research across CSE, ME, Radiology & Cardiology
A9: 4 | B9: 202411028352 | C9: Monitoring Neonatal Bilirubin Levels | D9: Neonatal Care & Screening | E9: Umme Abiha & Harsh Saxena (IITJ) | F9: Dr. Saptarshi Mandal (AIIMSJ), Dr. Dip Sankar Banerjee (IITJ) | G9: Dr. Saptarshi Mandal, Dr. Dip Sankar Banerjee, Umme Abiha, Harsh Saxena | H9: 45509 | I9: 45898 | J9: - | K9: FER | L9: Under Examination (FER) | M9: - | N9: Non-invasive point-of-care optical / transcutaneous neonatal jaundice & bilirubin diagnostic system
A10: 5 | B10: 202411033887 | C10: A Device for Reshaping a Cartilage | D10: ENT & Surgical Devices | E10: Harisharan R & Katyayanee Sharma (IITJ) | F10: Prof. Ajay Agarwal (EE, IITJ), Dr. Amit Goyal (ENT, AIIMSJ) | G10: Prof. Ajay Agarwal, Harisharan R, Dr. Amit Goyal, Katyayanee Sharma | H10: 45411 | I10: Pending | J10: - | K10: Only provisional | L10: Provisional Filed | M10: Caldor Health Technologies Pvt. Ltd. | N10: Electromechanical cartilage reshaping device for reconstructive ENT surgery; incubated at Caldor
A11: 6 | B11: 202411058458 | C11: System for Multimodal Data Acquisition and Synchronization and Method Thereof | D11: Medical Imaging & Synchronization | E11: Gajendra Singh (PhD Scholar, Joint IDRP) | F11: Dr. Deepak Mishra (IITJ), Dr. Jayant Kumar Mohanta (IITJ), Dr. Rahul Choudhary (AIIMSJ), Dr. Pushpinder Singh Khera (AIIMSJ), Dr. Rengarajan Rajagopal (AIIMSJ), Dr. Alok Kumar Sharma (AIIMSJ) | G11: Gajendra Singh, Dr. Deepak Mishra, Dr. Jayant Kumar Mohanta, Dr. Rahul Choudhary, Dr. Pushpinder Singh Khera, Dr. Rengarajan Rajagopal, Dr. Alok Kumar Sharma | H11: 45505 | I11: Pending | J11: - | K11: awaiting publication | L11: Awaiting Publication | M11: Visionence Tech Pvt. Ltd. | N11: Synchronized cardiovascular multi-sensor data capture for surgical guidance and telemetry
A12: 7 | B12: 202411076128 | C12: System and Method for Children's Nutritional Status Assessment | D12: Pediatric Diagnostics & AI | E12: Misaal Khan (AIIMSJ / Joint IDRP) | F12: Dr. Mayank Vatsa (CSE, IITJ), Dr. Richa Singh (CSE, IITJ), Dr. Kuldeep Singh (Pediatrics, AIIMSJ) | G12: Dr. Mayank Vatsa, Dr. Richa Singh, Misaal Khan, Dr. Kuldeep Singh | H12: 45573 | I12: 45996 | J12: - | K12: FER | L12: Under Examination (FER) | M12: - | N12: Computer vision and deep learning framework for pediatric malnutrition screening
A13: 8 | B13: 202511037139 | C13: Quadruple High-Performance Modular Bioink for 3D Bioprinting and Allied Applications | D13: 3D Bioprinting & Biomaterials | E13: Dr. Kanika Singroha (PhD Scholar, MedTech) | F13: Dr. Indranil Banerjee (BSBE, IITJ), Dr. Shilpi Gupta Dixit (Anatomy, AIIMSJ) | G13: Dr. Kanika Singroha, Dr. Indranil Banerjee, Dr. Shilpi Gupta Dixit | H13: 45764 | I13: 45786 | J13: - | K13: FER | L13: Under Examination (FER) | M13: Cellverse Pvt. Ltd. | N13: Novel biomaterial formulation for non-animal drug screening; core IP for startup Cellverse
A14: 9 | B14: 202511037986 | C14: Cell Suspensor Cum Bioink Homogenizer | D14: Biomedical Instrumentation | E14: Dr. Kanika Singroha (PhD Scholar, MedTech) | F14: Dr. Indranil Banerjee (BSBE, IITJ), Dr. Shilpi Gupta Dixit (Anatomy, AIIMSJ) | G14: Dr. Kanika Singroha, Dr. Indranil Banerjee, Dr. Shilpi Gupta Dixit | H14: 45768 | I14: 45786 | J14: - | K14: FER | L14: Under Examination (FER) | M14: Cellverse Pvt. Ltd. | N14: Hardware apparatus ensuring cellular viability and uniform distribution during bioprinting
A15: 10 | B15: 202511040294 | C15: An Osteogenic-Angiogenic Composition and Implementations Thereof | D15: Regenerative Medicine & Implants | E15: Justy N Francis (PhD Scholar, IDRP) | F15: Dr. Jaiveer Singh (MME, IITJ), Dr. Indranil Banerjee (BSBE, IITJ), Dr. Ankita Chugh (Dentistry, AIIMSJ) | G15: Dr. Jaiveer Singh, Dr. Indranil Banerjee, Dr. Ankita Chugh, Justy N Francis | H15: 45772 | I15: 45793 | J15: - | K15: FER | L15: Under Examination (FER) | M15: - | N15: Composite biomatrix promoting vascularization and rapid bone repair in craniofacial reconstruction
A16: 11 | B16: 202511040403 | C16: Interactive Medical Imaging Simulator with Dynamic Data Integration for Ultrasound Training | D16: Medical Simulation & Training | E16: Gajendra Singh (PhD Scholar, Joint IDRP) | F16: Dr. Deepak Mishra (CSE, IITJ), Dr. Rahul Choudhary (AIIMSJ), Dr. Pushpinder Singh Khera (AIIMSJ) | G16: Gajendra Singh, Dr. Deepak Mishra, Dr. Rahul Choudhary, Dr. Pushpinder Singh Khera | H16: 45773 | I16: Pending | J16: - | K16: Awaiting CS | L16: Awaiting CS (First Action) | M16: Visionence Tech Pvt. Ltd. | N16: Virtual ultrasound simulation system integrating clinical ultrasound datasets for hands-on medical training
A17: 12 | B17: 202511041154 | C17: Enzyme-Free Colorimetric Glucose Biosensing via Transition Metal Dichalcogenides (TMD) Nanomaterial | D17: Point-of-Care Biosensors | E17: Saloni Singhal (Student, MedTech) | F17: Dr. Ankur Gupta (ME, IITJ), Dr. Saptarshi Mandal (AIIMSJ) | G17: Dr. Ankur Gupta, Dr. Saptarshi Mandal, Saloni Singhal | H17: 45776 | I17: 45793 | J17: 46006 | K17: FER (Granted) | L17: Granted (Duplicate Entry S.No 27) | M17: - | N17: GRANTED PATENT (15-Dec-2025). High-stability non-enzymatic optical glucose sensor. (Updated entry at S.No 27)
A18: 13 | B18: 202511045522 | C18: Laparoscopic Instruments | D18: Minimally Invasive Surgery | E18: Pankaj Sablania & Mahendra Singh | F18: Dr. Jaiveer Singh (MME, IITJ), Dr. A.S. Sandhu | G18: Dr. Jaiveer Singh, Pankaj Sablania, Mahendra Singh, Dr. A.S. Sandhu | H18: 45789 | I18: 45996 | J18: - | K18: FER | L18: Under Examination (FER) | M18: - | N18: Ergonomic multi-articulating surgical laparoscopic tooling for precision abdominal procedures
A19: 14 | B19: 202511046430 | C19: Method to Produce MoS2 Functionalized DMPS Embedded Chitosan Platform for Biosensing Application | D19: Nanomaterial Biosensors | E19: Saloni Singhal (Student, MedTech) | F19: Dr. Ankur Gupta (ME, IITJ), Dr. Saptarshi Mandal (AIIMSJ) | G19: Dr. Ankur Gupta, Dr. Saptarshi Mandal, Saloni Singhal | H19: 45791 | I19: 45807 | J19: 46070 | K19: Granted | L19: Granted | M19: - | N19: GRANTED PATENT (17-Feb-2026). Nanomaterial bio-functionalized matrix for high-sensitivity biomarker detection
A20: 15 | B20: 202511061615 | C20: Point-of-Care Device to Detect Sepsis | D20: Point-of-Care Diagnostics | E20: Sarvar Singh (EE, IITJ) | F20: Prof. Ajay Agarwal (EE, IITJ), Prof. Neeraj Gupta (AIIMSJ) | G20: Prof. Ajay Agarwal, Prof. Neeraj Gupta, Sarvar Singh | H20: 45835 | I20: Pending | J20: - | K20: Awaiting CS | L20: Awaiting CS (First Action) | M20: Sarbit Innovations Pvt. Ltd. | N20: Rapid microfluidic biomarker analyzer for early bedside sepsis interception; linked to Sarbit Innovations
A21: 16 | B21: 202511064909 | C21: Quantitative Analysis of Hematocrit Value via Non-Enzymatic Triggered Viscoelastic Transition of Alginate Networks on Biodegradable Matrix | D21: Hematology & Diagnostics | E21: Saloni Singhal (Student, MedTech) | F21: Prof. Ankur Gupta (ME, IITJ), Dr. Saptarshi Mandal (AIIMSJ) | G21: Prof. Ankur Gupta, Saloni Singhal, Dr. Saptarshi Mandal | H21: 45846 | I21: 45898 | J21: 46106 | K21: Granted | L21: Granted | M21: - | N21: GRANTED PATENT (25-Mar-2026). Viscoelastic micro-assay for rapid point-of-care hematocrit testing
A22: 17 | B22: 202511072465 | C22: A Ready and Portable Point-of-Care System for Blood Group Identification | D22: Point-of-Care Blood Testing | E22: Saloni Singhal (Student, MedTech) | F22: Prof. Ankur Gupta (ME, IITJ), Dr. Saptarshi Mandal (AIIMSJ) | G22: Prof. Ankur Gupta, Saloni Singhal, Dr. Saptarshi Mandal | H22: 45868 | I22: 45905 | J22: - | K22: Under ammended Examination | L22: Under Amended Examination | M22: - | N22: Instant handheld forward/reverse blood phenotyping platform for emergency trauma and transfusions
A23: 18 | B23: 202511081831 | C23: Highly Biocompatible Craniofacial Fracture Miniplates with Favourable Mechanical Properties | D23: Orthopedic & Craniofacial Implants | E23: Justy N Francis (PhD Scholar, IDRP) | F23: Dr. Jaiveer Singh (MME, IITJ), Dr. Indranil Banerjee (BSBE, IITJ), Dr. Ankita Chugh (AIIMSJ) | G23: Dr. Jaiveer Singh, Dr. Indranil Banerjee, Dr. Ankita Chugh, Justy N Francis | H23: 45897 | I23: 45996 | J23: - | K23: FER | L23: Under Examination (FER) | M23: - | N23: Bioabsorbable patient-specific fixation miniplates reducing secondary implant removal surgeries
A24: 19 | B24: 202511104163 | C24: PBM: Peel-Off Sensor for Detecting Breathing Movement at Birth | D24: Neonatal Respiration & Wearables | E24: Gitansh Verma (MedTech Researcher) | F24: Dr. Shrutidhara Sharma (IITJ) | G24: Dr. Shrutidhara Sharma, Gitansh Verma | H24: 45959 | I24: Pending | J24: - | K24: Awaiting CS | L24: Awaiting CS (First Action) | M24: - | N24: Skin-conformal peel-off sensor for zero-delay neonatal respiration monitoring in labor rooms
A25: 20 | B25: 202511105376 | C25: A Multi-Functional Retracting Device for Intraoral Procedures and Method Thereof | D25: Dental & Oral Surgery Devices | E25: Ashwin C R (MedTech Student) | F25: Dr. Bhivraj Suthar (AI&DS, IITJ), Dr. Ankita Chugh (Dentistry, AIIMSJ), Dr. Amit Goyal (ENT, AIIMSJ) | G25: Ashwin C R, Dr. Bhivraj Suthar, Dr. Ankita Chugh, Dr. Amit Goyal | H25: 45961 | I25: 46003 | J25: 46188 | K25: Granted | L25: Granted | M25: - | N25: GRANTED PATENT (15-Jun-2026). Multifunctional intraoral retractor optimizing surgical field visualization
A26: 21 | B26: 202511106532 | C26: Force-Sensor-Based Tapping Device and Method for Determining Motor Responses in Drug-Induced Parkinsonism | D26: Neurodiagnostics & Motor Response | E26: Monika Sharma (Student, MedTech Center) | F26: Dr. Pankaj Yadav (BSBE, IITJ), Dr. Navratan Suthar (Psychiatry, AIIMSJ) | G26: Monika Sharma, Dr. Pankaj Yadav, Dr. Navratan Suthar | H26: 45965 | I26: 46017 | J26: - | K26: Awaiting FER | L26: Awaiting FER | M26: - | N26: Objective quantification of extrapyramidal motor side-effects during antipsychotic clinical therapies
A27: 22 | B27: 202511107337 | C27: An Apparatus for Regulating Neonatal Thermal Conditions | D27: Neonatal Intensive Care & Thermal Regulation | E27: Neha Nagarkoti (Student, MedTech) | F27: Dr. Kaushal A. Desai (ME, IITJ), Dr. Neeraj Gupta (Pediatrics, AIIMSJ) | G27: Dr. Kaushal A. Desai, Dr. Neeraj Gupta, Neha Nagarkoti | H27: 45967 | I27: Pending | J27: - | K27: Published | L27: Published | M27: - | N27: Adaptive thermal regulation enclosure for preterm neonates preventing hypothermia complications
A28: 23 | B28: 202511108503 | C28: System and Method for Automated Multi-Channel Intravenous Drug Delivery | D28: Drug Delivery & Infusion Automation | E28: Abhijeet Rajak & Ramkishore Jangid (IDRP) | F28: Dr. Arpit Khandelwal (EE, IITJ), Dr. Shilpa Goyal (AIIMSJ), Dr. Amit Goyal (AIIMSJ) | G28: Dr. Arpit Khandelwal, Abhijeet Rajak, Dr. Shilpa Goyal, Dr. Amit Goyal, Dr. Ramkishore Jangid | H28: 45971 | I28: 46052 | J28: - | K28: Under ammended Examination | L28: Under Amended Examination | M28: Medvocare Pvt. Ltd. | N28: Automated closed-loop multi-channel infusion workstation for critical care anaesthesia
A29: 24 | B29: 202511113643 | C29: Near Infrared Light Activatable Biomimetic Drug Delivery System for Chemo-Phototherapy of Cancer | D29: Nanomedicine & Targeted Oncology | E29: Sarmistha Mazumder (Student, MedTech) | F29: Dr. Raviraj Vankayala (BSBE, IITJ), Dr. Puneet Pareek (Radiation Oncology, AIIMSJ) | G29: Sarmistha Mazumder, Dr. Raviraj Vankayala, Dr. Puneet Pareek | H29: 45980 | I29: Pending | J29: - | K29: Reply Filed. Application in amended examination | L29: Under Amended Examination | M29: - | N29: Targeted tumor ablation combining NIR photo-triggered hyperthermia and site-specific drug release
A30: 25 | B30: 202511116826 | C30: A Paper-Based Analytical Device (PAD) for Blood Typing and Method Thereof | D30: Point-of-Care Diagnostics | E30: Saloni Singhal (Masters-PhD, MedTech) | F30: Dr. Ankur Gupta (ME, IITJ), Dr. Saptarshi Mandal (Transfusion Medicine, AIIMSJ) | G30: Saloni Singhal, Dr. Ankur Gupta, Dr. Saptarshi Mandal | H30: 45986 | I30: Pending | J30: - | K30: Awaiting publication/FER | L30: Awaiting Publication / FER | M30: - | N30: Low-cost microfluidic paper diagnostic assay for rapid bedside blood grouping and typing
A31: 26 | B31: 202511127461 | C31: System and Method for Assisting Malnutrition Assessment Using Graph-Based Learning, Vector Retrieval, and Adaptive Fusion | D31: AI Healthcare & Computer Vision | E31: Misaal Khan (AIIMSJ / Joint IDRP) | F31: Dr. Richa Singh (CSE, IITJ), Dr. Mayank Vatsa (CSE, IITJ), Dr. Kuldeep Singh (AIIMSJ) | G31: Dr. Richa Singh, Dr. Mayank Vatsa, Dr. Kuldeep Singh, Misaal Khan | H31: 46007 | I31: Pending | J31: - | K31: Awaiting Publication/FER | L31: Awaiting Publication / FER | M31: - | N31: Multimodal graph neural network and vector retrieval engine for clinical malnutrition screening
A32: 27 | B32: 202511041154 | C32: Enzyme-Free Colorimetric Glucose Biosensing via Transition Metal Dichalcogenides (TMD) Nanomaterial | D32: Point-of-Care Biosensors | E32: Saloni Singhal (Student, MedTech) | F32: Dr. Ankur Gupta (ME, IITJ), Dr. Saptarshi Mandal (AIIMSJ) | G32: Dr. Ankur Gupta, Dr. Saptarshi Mandal, Saloni Singhal | H32: 45776 | I32: 45793 | J32: 46006 | K32: Granted | L32: Granted | M32: - | N32: GRANTED PATENT (15-Dec-2025). Updated grant status confirmation for App 202511041154 (see S.No 12)
A33: 28 | B33: 479261-001 | C33: Neonatal Transport Incubator (Industrial Design under Class 24-01) | D33: Medical Industrial Design & Neonatal Care | E33: Neha Nagarkoti (Student, MedTech) | F33: Dr. Kaushal A. Desai (ME, IITJ), Dr. Neeraj Gupta (AIIMSJ) | G33: Dr. Kaushal A. Desai, Dr. Neeraj Gupta, Neha Nagarkoti | H33: 45967 | I33: Pending | J33: - | K33: nan | L33: Design Application Filed | M33: - | N33: Registered industrial design protection for compact emergency neonatal ambulance transport capsule
A34: Total | B34: =COUNTA(B6:B33) -> 28 | C34: 28 Total Filings (27 Unique Inventions) | D34: Across 10+ Biomedical Disciplines | J34: 4 Granted | L34: =COUNTIF(L6:L33, "Granted") & " Granted Patents" -> 4 Granted Patents

Sheet Student Publications
A1: CENTRE FOR MEDICAL TECHNOLOGIES (IDRP) - SCHOLARLY RESEARCH OUTPUT
A2: Peer-Reviewed Journals, International Conferences & Academic Book Chapters (Verified Responses)
A5: S.No. | B5: Student Scholar Name | C5: Roll No. | D5: Institute Email | E5: Journal Papers | F5: Conference Papers | G5: Book Chapters | H5: Total Scholarly Works | I5: Authorship Role | J5: Publication Venues & Citation Outlets | K5: Publication Standing | L5: Submission Status | M5: Cross-Reference / Research Group
A6: 1 | B6: Ritika Jajoriya | C6: M24IM1005 | D6: m24im1005@iitj.ac.in | E6: 1 | F6: 1 | G6: 1 | H6: =E6+F6+G6 -> 3 | I6: Co-Author | J6: 1. IEEE Xplore (IEEE NANOMED Conference 2025) | K6: Active Publications | L6: Initial Submission (Superseded by S.No 4) | M6: IDRP MedTech Masters Cohort; IEEE NANOMED 2025
A7: 2 | B7: Ananta Kapoor | C7: P24IHC001 | D7: p24ihc001@iitj.ac.in | E7: 0 | F7: 2 | G7: 0 | H7: =E7+F7+G7 -> 2 | I7: First Author | J7: 1. EMBL Heidelberg AI and Biology Poster Presentation 2. FENS Denmark Brain Conference | K7: Active Publications | L7: Active / Latest Record | M7: Neurobiology & AI Neuroscience Research Group
A8: 3 | B8: Ankita Das | C8: P23IHC003 | D8: p23ihc003@iitj.ac.in | E8: 0 | F8: 1 | G8: 0 | H8: =E8+F8+G8 -> 1 | I8: First Author | J8: 1. Immunocon 2024 (Indian Immunology Society) | K8: Active Publications | L8: Active / Latest Record | M8: Immunology & Biomarker Investigation Lab
A9: 4 | B9: Ritika Jajoriya | C9: M24IM1005 | D9: m24im1005@iitj.ac.in | E9: 0 | F9: 1 | G9: 0 | H9: =E9+F9+G9 -> 1 | I9: Co-Author | J9: 1. IEEE Xplore (IEEE NANOMED Conference 2025) | K9: Active Publications | L9: Active / Latest Record | M9: Revised verified entry; 1 IEEE international conference publication
A10: 5 | B10: Katyayanee Sharma | C10: D21ID006 | D10: sharma.108@iitj.ac.in | E10: 1 | F10: 1 | G10: 1 | H10: =E10+F10+G10 -> 3 | I10: First Author | J10: 1. Conference: MNDCS 2024 2. Book Chapter: Lecture Notes in Electrical Engineering, Vol 1382, Springer 3. Journal / Book Chapter: IEEE Biosensors (Under Review) | K10: Active Publications | L10: Active / Latest Record | M10: Inventor in Patent App 202411033887 (Cartilage Reshaping Device)
A11: 6 | B11: Sarmistha Mazumder | C11: D20ID008 | D11: mazumder.3@iitj.ac.in | E11: 5 | F11: 0 | G11: 2 | H11: =E11+F11+G11 -> 7 | I11: First Author | J11: Journals: Frontiers in Chemistry, RSC Advances, ACS ES&T Water, Chemistry - An Asian Journal, ACS Applied Nanomaterials Book Chapters: Elsevier (2 Book Chapters) | K11: Active Publications | L11: Active / Latest Record | M11: Inventor in Patent App 202511113643 (Phototherapy Cancer Drug Delivery)
A12: 7 | B12: Nikhil Vadera | C12: P20SH003 | D12: vadera.1@iitj.ac.in | E12: 3 | F12: 2 | G12: 0 | H12: =E12+F12+G12 -> 5 | I12: First Author | J12: Journals: 1. Microchemical Journal, 2. ACS Sensors Journal, 3. IEEE Sensors Letters Journal Conferences: 4. IEEE APSCON Conference, 5. IEEE Sensors Conference | K12: Active Publications | L12: Active / Latest Record | M12: Sensor instrumentation & electrochemical sensing systems
A13: 8 | B13: Misaal Khan | C13: D20ID004 | D13: khan.9@iitj.ac.in | E13: 1 | F13: 4 | G13: 1 | H13: =E13+F13+G13 -> 6 | I13: First Author | J13: Journal: 1. Frontiers in Public Health Conferences: 2. IJCAI 2023, 3. MICCAI 2024, 4. AAAI 2026, 5. WACV 2026 | K13: Active Publications | L13: Active / Latest Record | M13: Inventor in 2 Patents (Apps 202411076128 & 202511127461 - Malnutrition AI)
A14: 9 | B14: Ritesh Mishra | C14: P20SH004 | D14: mishra.15@iitj.ac.in | E14: 6 | F14: 1 | G14: 1 | H14: =E14+F14+G14 -> 8 | I14: First Author | J14: Journals: 1. Food Control, 2. RSC Sustainable Food Technology, 3. Irrigation Science, 4. Postharvest Biology and Technology, 5. Reviews of Modern Plasma Physics, 6. Radiation Effects and Defects in Solids Conferences/Chapters: Agricultural Plasma Science Proceedings | K14: Active Publications | L14: Active / Latest Record | M14: Plasma medicine and biomaterial treatment investigations
A15: 10 | B15: Shivangi Madhavi Harsha | C15: P21ID005 | D15: harsha.2@iitj.ac.in | E15: 0 | F15: 1 | G15: 0 | H15: =E15+F15+G15 -> 1 | I15: First Author | J15: 1. International Conference - Fashion-Textiles-Wearables 2026 (iLetters/Congress, British Textile Machinery Assoc & The Textile Institute, Manchester, UK) | K15: Active Publications | L15: Active / Latest Record | M15: Oral presentation on smart healthcare wearable textiles
A16: 11 | B16: Parul Kumawat | C16: P24IM0002 | D16: p24im0002@iitj.ac.in | E16: 0 | F16: 0 | G16: 0 | H16: =E16+F16+G16 -> 0 | I16: First Author | J16: New Research Cohort (Currently initiating research phase; no publications yet) | K16: Orientation / Initial Phase | L16: Active / Latest Record | M16: IDRP MedTech 2024 Batch Scholar
A17: 12 | B17: Umme Abiha | C17: P21ID006 | D17: abiha.1@iitj.ac.in | E17: 5 | F17: 0 | G17: 9 | H17: =E17+F17+G17 -> 14 | I17: First Author | J17: Journals: Frontiers in Pediatrics, Medical Engineering & Physics, Medicina Book Chapters: Elsevier, CRC Press, Springer Nature, Taylor & Francis, Research Square, Authorea (9 Chapters) | K17: Active Publications | L17: Active / Latest Record | M17: Inventor in Patent App 202411028352 (Neonatal Bilirubin Monitoring)
... A22: 17 | B22: Ramkamal Samat | C22: IDRPSHC006 | D22: samat.1@iitj.ac.in | E22: 4 | F22: 0 | G22: 0 | H22: =E22+F22+G22 -> 4 | I22: First Author | J22: Journals: ACS Infectious Diseases, Journal of Medicinal Chemistry (4 papers) | K22: Active Publications | L22: Active / Latest Record | M22: Antimicrobial medicinal chemistry & drug synthesis
A23: Total | B23: =COUNTA(B6:B22) & " Submissions (16 Students)" -> 17 Submissions (16 Students) | D23: All Logged Submissions Volume: | E23: =SUM(E6:E22) -> 36 | F23: =SUM(F6:F22) -> 16 | G23: =SUM(G6:G22) -> 15 | H23: =SUM(H6:H22) -> 67 | I23: Verified Output | J23: High-Impact Scopus/Web of Science Journals & Prestigious Conferences | K23: Active | L23: Validated
A24: Net | B24: 16 Unique Scholars (Deduplicated) | D24: Net Verified Output: | E24: =SUMIF(L6:L22, "Active / Latest Record", E6:E22) -> 35 | F24: =SUMIF(L6:L22, "Active / Latest Record", F6:F22) -> 15 | G24: =SUMIF(L6:L22, "Active / Latest Record", G6:G22) -> 14 | H24: =SUMIF(L6:L22, "Active / Latest Record", H6:H22) -> 64 | I24: Verified Net | J24: Excludes superseded submission entry (Ritika Jajoriya initial response) | K24: Active | L24: Net Validated
B25: Average per Scholar | D25: Mean Output per Record: | E25: =AVERAGE(E6:E22) -> 2.1176471 | F25: =AVERAGE(F6:F22) -> 0.94117647 | G25: =AVERAGE(G6:G22) -> 0.88235294 | H25: =AVERAGE(H6:H22) -> 3.9411765

Sheet Startups & Incubation
A1: CENTRE FOR MEDICAL TECHNOLOGIES (IDRP) - ENTREPRENEURSHIP & STARTUP ECOSYSTEM
A2: Incubated & Pre-Incubatee Healthcare Ventures Supported at IIT Jodhpur & AIIMS Jodhpur
A5: S.No. | B5: Startup Company Name | C5: Incubation Stage | D5: Founders & Co-Founders | E5: Student / Scholar Lead | F5: IIT Jodhpur Faculty Involved | G5: Faculty Position in Company | H5: Agreement Date | I5: Core Innovation / Product | J5: Detailed Technology Description | K5: Associated Patent(s) | L5: Brochure Domain Spotlight
A6: 1 | B6: Novealthy Innovations Pvt. Ltd. | C6: Incubated | D6: Dr. Sumit Kalra | E6: Dr. Sumit Kalra (Faculty-Led Venture) | F6: Dr. Sumit Kalra | G6: Director | H6: 44725 | I6: Pathology at Home Diagnostic Kit | J6: Comprehensive remote home-diagnostics kit and IoT health-monitoring infrastructure for distributed patient care | K6: - | L6: Digital Health & Diagnostics
A7: 2 | B7: Healyantra Medical Technologies Pvt. Ltd. | C7: Incubated | D7: Dr. Varun Khandelwal, Mr. Divesh Kumar Awasthi, Dr. Hardik Kothadia | E7: Mr. Divesh Kumar Awasthi & Dr. Varun Khandelwal | F7: Dr. Hardik Kothadia | G7: Director | H7: 45374 | I7: Single Operator Single Hand Syringe for Ultrasound Guided Procedures | J7: Ergonomically engineered single-handed precision syringe allowing solo clinicians to aspirate and inject during ultrasound scanning | K7: - | L7: Interventional Radiology & Surgery
A8: 3 | B8: Caldor Health Technologies Pvt. Ltd. | C8: Pre-Incubatee | D8: Mr. Thilak Chakravarthy, Mr. Harisharan Ramesh, Dr. Ajay Agarwal | E8: Mr. Thilak Chakravarthy & Mr. Harisharan Ramesh | F8: Dr. Ajay Agarwal | G8: Mentor | H8: 45307 | I8: Electromechanical Reshaping (Cartilage Reshaping Device) | J8: Non-thermal electromechanical tissue remodelling platform for minimally invasive reconstructive rhinoplasty and ENT surgery | K8: Patent App 202411033887 | L8: ENT & Tissue Remodelling
A9: 4 | B9: Medvocare Pvt. Ltd. | C9: Incubated | D9: Dr. Ramkishore Jangid, Dr. Shobhana Singh | E9: Dr. Ramkishore Jangid (PhD Scholar, IDRP) | F9: Dr. Shobhana Singh | G9: Director | H9: 45505 | I9: Endotracheal Tube with Oral Irrigator & Multichannel Infusion Delivery | J9: Smart endotracheal medical device with built-in oral irrigation reducing ventilator-associated pneumonia (VAP) in ICU patients | K9: Patent Apps 202211060577 & 202511108503 | L9: Critical Care, ICU & Drug Delivery
A10: 5 | B10: Cellverse Pvt. Ltd. | C10: Incubated | D10: Dr. Kanika Singroha, Dr. Indranil Banerjee | E10: Dr. Kanika Singroha (PhD Scholar, MedTech) | F10: Dr. Indranil Banerjee | G10: Director | H10: 45021 | I10: 3D Bioprinted Non-Animal Disease Models & Modular Bioink Platforms | J10: Engineered 3D bioprinted humanized tissue and organoid test systems replacing animal testing for pharmaceutical toxicological evaluation | K10: Patent Apps 202511037139 & 202511037986 | L10: 3D Bioprinting & Drug Discovery
A11: 6 | B11: NxGen Healtech Pvt. Ltd. | C11: Pre-Incubatee | D11: Dr. Anup Kakwani | E11: Dr. Anup Kakwani (Masters MMT Alumnus) | F11: Mentored via AIIMS-IIT Joint Program (Independent / External) | G11: Lead Innovator | H11: 45184 | I11: iVac-Endo (Apical Negative Pressure Root Canal Irrigation System) | J11: Automated apical negative pressure irrigation instrument eliminating procedural extrusion risks in dental endodontic procedures | K11: Patent App 202211041593 | L11: Dental Endodontics & Devices
A12: 7 | B12: Oncosphera Pvt. Ltd. | C12: Incubated | D12: Dr. Siddharth Srivatsava, Dr. Sushmita Jha, Dr. Vishakha Pareek | E12: Dr. Vishakha Pareek | F12: Dr. Siddharth Srivatsava, Dr. Sushmita Jha | G12: Director | H12: 45272 | I12: Patient-Derived 3D Organoid Platform Integrated with AI/ML Genomics | J12: Integrates patient-derived 3D tumor organoids with genomic AI/ML profiling to recommend tailored high-efficacy cancer chemotherapy regimens | K12: - | L12: Precision Oncology & AI Therapeutics
A13: 8 | B13: Sarbit Innovations Pvt. Ltd. | C13: Incubated | D13: Mr. Sambit Kumar Keshi, Mr. Sarvar Singh, Dr. Ajay Agarwal | E13: Mr. Sambit Kumar Keshi & Mr. Sarvar Singh | F13: Dr. Ajay Agarwal | G13: Director | H13: 45179 | I13: Kavak Sensorium (Wearable Bedside Sepsis Diagnostic Sensor) | J13: Rapid response micro-sensor array delivering automated continuous monitoring of physiological sepsis markers | K13: Patent App 202511061615 | L13: Wearable Diagnostics & Sepsis Sensors
A14: 9 | B14: Visionence Tech Pvt. Ltd. | C14: Incubated | D14: Dr. Deepak Mishra, Dr. Amandeep Kaur, Gajendra Singh, Wilfred Kisku | E14: Gajendra Singh (PhD Scholar, IDRP) & Wilfred Kisku | F14: Dr. Deepak Mishra, Dr. Amandeep Kaur | G14: Director | H14: 45324 | I14: IntelloAdaptive CIS (Intelligent CMOS Image Sensors for Edge Computation) | J14: Next-generation CMOS intelligent image sensors embedded with edge neural inference for medical computer vision and ultrasound simulation | K14: Patent Apps 202211077085, 202411058458, 202511040403 | L14: Edge AI Vision & Medical Imaging
A15: 10 | B15: ShilpinMed Technologies Pvt. Ltd. | C15: Pre-Incubatee | D15: Ajmal Jaleel, Ashifa A, Dr. Jayant Kumar Mohanta | E15: Ajmal Jaleel & Ashifa A | F15: Dr. Jayant Kumar Mohanta | G15: Mentor | H15: 45329 | I15: Mattress Based Hygiene Management System (Bed Sore Prevention) | J15: Smart sensor-actuated hospital mattress platform preventing decubitus ulcers and automating inpatient pressure relief | K15: Patent App 202211060577 | L15: Smart Hospital Furniture & Assistive Tech
A16: Total | B16: =COUNTA(B6:B15) & " Total Ventures" -> 10 Total Ventures | C16: =COUNTIF(C6:C15, "Incubated") & " Incubated | " & COUNTIF(C6:C15, "Pre-Incubatee") & " Pre-Incubatee" -> 7 Incubated | 3 Pre-Incubatee | D16: Multi-founder multidisciplinary teams | G16: 8 Directors, 2 Mentors | K16: 6 Patent-Backed Startups | L16: Healthcare Deep-Tech Ecosystem

Sheet People & Directory
A1: CENTRE FOR MEDICAL TECHNOLOGIES (IDRP) - FACULTY & SCHOLAR DIRECTORY
A2: Cross-Functional Directory Linking Key Researchers to Associated Patents, Startups & Publications
A5: S.No. | B5: Investigator / Scholar Name | C5: Institutional Affiliation | D5: Primary Role / Designation | E5: Patents (Count) | F5: Associated Patent Reference(s) | G5: Startups (Count) | H5: Associated Startup(s) & Role | I5: Publications (Count) | J5: Core Research & Innovation Domains
A6: 1 | B6: Prof. Ajay Agarwal | C6: IIT Jodhpur (Dept of Electrical Engineering) | D6: Professor & Senior Investigator | E6: 2 | F6: App 202411033887 (Cartilage Reshaping), App 202511061615 (Sepsis Device) | G6: 2 | H6: Caldor Health (Mentor), Sarbit Innovations (Director) | I6: 0 | J6: Bio-MEMS, Wearable Sensors, Point-of-Care Diagnostics, Surgical Devices
A7: 2 | B7: Dr. Indranil Banerjee | C7: IIT Jodhpur (Dept of Bioscience & Bioengineering) | D7: Associate Professor | E7: 4 | F7: Apps 202511037139, 202511037986 (Bioink), App 202511040294 (Graft), App 202511081831 (Plates) | G7: 1 | H7: Cellverse Pvt. Ltd. (Director & Co-Founder) | I7: 0 | J7: 3D Bioprinting, Regenerative Medicine, Tissue Engineering, Disease Models
A8: 3 | B8: Dr. Deepak Mishra | C8: IIT Jodhpur (Dept of Computer Science & Engineering) | D8: Associate Professor | E8: 3 | F8: App 202211077085 (Echocardiography), App 202411058458 (Data Sync), App 202511040403 (Simulator) | G8: 1 | H8: Visionence Tech Pvt. Ltd. (Director & Co-Founder) | I8: 0 | J8: Computer Vision, Medical Imaging, AI Simulation, Edge Image Sensors
A9: 4 | B9: Prof. Ankur Gupta | C9: IIT Jodhpur (Dept of Mechanical Engineering) | D9: Associate Professor | E9: 5 | F9: Apps 202511041154 (Granted), 202511046430 (Granted), 202511064909 (Granted), 202511072465, 202511116826 | G9: 0 | H9: - | I9: 0 | J9: Microfluidics, Paper-Based Diagnostics, Biosensors, Hematology Assays
A10: 5 | B10: Dr. Saptarshi Mandal | C10: AIIMS Jodhpur (Dept of Transfusion Medicine) | D10: Additional Professor | E10: 6 | F10: App 202411028352 (Bilirubin), Apps 202511041154, 202511046430, 202511064909, 202511072465, 202511116826 | G10: 0 | H10: - | I10: 0 | J10: Transfusion Medicine, Point-of-Care Blood Testing, Neonatal Bilirubin, Biosensors
A11: 6 | B11: Dr. Shobhana Singh | C11: IIT Jodhpur (Dept of Mechanical Engineering) | D11: Assistant Professor | E11: 1 | F11: App 202211060577 (Bed Sore Preventing Mattress) | G11: 1 | H11: Medvocare Pvt. Ltd. (Director & Co-Founder) | I11: 0 | J11: Thermal Fluids, Smart Mattresses, ICU Patient Care Technology
A12: 7 | B12: Dr. Jaiveer Singh | C12: IIT Jodhpur (Dept of Metallurgical & Materials Engg) | D12: Assistant Professor | E12: 4 | F12: App 202211041593 (Irrigation), App 202511040294, App 202511045522 (Laparoscopy), App 202511081831 | G12: 0 | H12: - | I12: 0 | J12: Biomaterials, Surgical Metallurgy, Laparoscopic Tooling, Implants
A13: 8 | B13: Dr. Jayant Kumar Mohanta | C13: IIT Jodhpur (Dept of Mechanical Engineering) | D13: Assistant Professor | E13: 2 | F13: App 202211077085 (Robot Echocardiography), App 202411058458 (Data Sync) | G13: 1 | H13: ShilpinMed Technologies (Mentor) | I13: 0 | J13: Medical Robotics, Surgical Automation, Hospital Assistive Hardware
A14: 9 | B14: Dr. Sumit Kalra | C14: IIT Jodhpur (Dept of Computer Science & Engineering) | D14: Assistant Professor | E14: 0 | F14: - | G14: 1 | H14: Novealthy Innovations Pvt. Ltd. (Director & Founder) | I14: 0 | J14: Digital Health, IoT Telemedicine, Distributed Point-of-Care Diagnostics
A15: 10 | B15: Dr. Hardik Kothadia | C15: IIT Jodhpur (Dept of Mechanical Engineering) | D15: Assistant Professor | E15: 0 | F15: - | G15: 1 | H15: Healyantra Medical Technologies (Director) | I15: 0 | J15: Interventional Medical Tools, Ergonomic Surgical Syringes, Ultrasound Guidance
A16: 11 | B16: Dr. Siddharth Srivatsava | C16: IIT Jodhpur (Dept of Bioscience & Bioengineering) | D16: Assistant Professor | E16: 0 | F16: - | G16: 1 | H16: Oncosphera Pvt. Ltd. (Director & Co-Founder) | I16: 0 | J16: Computational Oncology, Genomic Profiling, 3D Organoid Cancer Modeling
A17: 12 | B17: Dr. Sushmita Jha | C17: IIT Jodhpur (Dept of Bioscience & Bioengineering) | D17: Professor | E17: 0 | F17: - | G17: 1 | H17: Oncosphera Pvt. Ltd. (Director & Co-Founder) | I17: 0 | J17: Cancer Biology, Neuroinflammation, Precision Oncology Therapeutics
... A31: 26 | B31: Ashwin C R | C31: IIT Jodhpur (IDRP Medical Technologies) | D31: MedTech Graduate Scholar | E31: 1 | F31: App 202511105376 (Granted Intraoral Retracting Device) | G31: 0 | H31: - | I31: 0 | J31: GRANTED PATENT: Intraoral Surgical Devices, Dental Assistive Instrumentation
A32: Total | B32: =COUNTA(B6:B31) & " Core Investigators" -> 26 Core Investigators | C32: IIT Jodhpur & AIIMS Jodhpur | D32: Faculty & Student Leaders | E32: =SUM(E6:E31) -> 57 | F32: 28 Total Patent Filings | G32: =SUM(G6:G31) -> 13 | H32: 10 Incubation Companies | I32: =SUM(I6:I31) -> 41 | J32: Multidisciplinary Medical Technology Innovation Ecosystem
